user_id,precision@10,recall@10,ndcg@10,ap@10,intra_list_diversity
1,0.0,0.0,0.0,0.0,-2.220446049250313e-16
2,0.0,0.0,0.0,0.0,-2.220446049250313e-16
3,0.0,0.0,0.0,0.0,-2.220446049250313e-16
4,0.1,0.25,0.15101961822780524,0.05,0.16275425627173068
5,0.0,0.0,0.0,0.0,-2.220446049250313e-16
6,0.0,0.0,0.0,0.0,-2.220446049250313e-16
7,0.0,0.0,0.0,0.0,0.0
8,0.0,0.0,0.0,0.0,0.5118763196074578
9,0.0,0.0,0.0,0.0,0.10983664057436625
10,0.0,0.0,0.0,0.0,-2.220446049250313e-16
11,0.0,0.0,0.0,0.0,-2.220446049250313e-16
12,0.0,0.0,0.0,0.0,0.3176810528738667
13,0.0,0.0,0.0,0.0,-2.220446049250313e-16
14,0.0,0.0,0.0,0.0,0.0680950224265309
15,0.0,0.0,0.0,0.0,-2.220446049250313e-16
16,0.0,0.0,0.0,0.0,0.3034534287203501
17,0.0,0.0,0.0,0.0,0.0
18,0.0,0.0,0.0,0.0,-2.220446049250313e-16
19,0.0,0.0,0.0,0.0,0.3390119807491384
20,0.0,0.0,0.0,0.0,0.5077405722079921
21,0.1,0.1111111111111111,0.11752277470724268,0.037037037037037035,0.7358234102882174
22,0.0,0.0,0.0,0.0,0.46382056100840147
23,0.0,0.0,0.0,0.0,-2.220446049250313e-16
24,0.0,0.0,0.0,0.0,-2.220446049250313e-16
25,0.0,0.0,0.0,0.0,0.2883909036879574
26,0.0,0.0,0.0,0.0,0.05196747076569576
27,0.0,0.0,0.0,0.0,0.1191763845390819
28,0.1,0.14285714285714285,0.10633668103022985,0.028571428571428574,0.5813091311732009
29,0.0,0.0,0.0,0.0,0.35380607753155624
30,0.0,0.0,0.0,0.0,0.35874154718453793
31,0.0,0.0,0.0,0.0,0.0
32,0.0,0.0,0.0,0.0,-2.220446049250313e-16
33,0.0,0.0,0.0,0.0,0.13026077125087546
34,0.0,0.0,0.0,0.0,-2.220446049250313e-16
35,0.0,0.0,0.0,0.0,0.0
36,0.0,0.0,0.0,0.0,-2.220446049250313e-16
37,0.1,0.2,0.1208113026994942,0.03333333333333333,0.1312271693559556
38,0.0,0.0,0.0,0.0,0.605176743835126
39,0.0,0.0,0.0,0.0,-2.220446049250313e-16
40,0.0,0.0,0.0,0.0,-2.220446049250313e-16
41,0.0,0.0,0.0,0.0,0.6244670556161744
42,0.0,0.0,0.0,0.0,-4.440892098500626e-16
43,0.1,0.047619047619047616,0.09478836436955078,0.025,-4.440892098500626e-16
44,0.2,0.1,0.15850703974098102,0.04857142857142857,0.5544496450298954
45,0.0,0.0,0.0,0.0,0.0
46,0.0,0.0,0.0,0.0,0.319532755673792
47,0.0,0.0,0.0,0.0,-2.220446049250313e-16
48,0.0,0.0,0.0,0.0,0.6331028207296157
49,0.1,0.125,0.12647135138382856,0.041666666666666664,0.0
50,0.0,0.0,0.0,0.0,-2.220446049250313e-16
51,0.1,0.25,0.3903800499921017,0.25,0.4538094420964404
52,0.0,0.0,0.0,0.0,-2.220446049250313e-16
53,0.0,0.0,0.0,0.0,0.3148957106560236
54,0.0,0.0,0.0,0.0,0.0
55,0.0,0.0,0.0,0.0,0.39093563629044137
56,0.2,0.09090909090909091,0.20248323207250624,0.06999999999999999,0.4969910313514583
57,0.0,0.0,0.0,0.0,0.21312047427529726
58,0.1,0.047619047619047616,0.13886244387355454,0.05,0.0
59,0.0,0.0,0.0,0.0,-2.220446049250313e-16
60,0.0,0.0,0.0,0.0,-2.220446049250313e-16
61,0.0,0.0,0.0,0.0,0.0
62,0.0,0.0,0.0,0.0,0.28646551992230607
63,0.0,0.0,0.0,0.0,-2.220446049250313e-16
64,0.0,0.0,0.0,0.0,-2.220446049250313e-16
65,0.0,0.0,0.0,0.0,-2.220446049250313e-16
66,0.0,0.0,0.0,0.0,0.18586607806370528
67,0.0,0.0,0.0,0.0,0.11559597906204742
68,0.0,0.0,0.0,0.0,0.2452231912689201
69,0.0,0.0,0.0,0.0,-2.220446049250313e-16
70,0.0,0.0,0.0,0.0,0.5473869124801938
71,0.1,0.2,0.09803928583135704,0.02,-2.220446049250313e-16
72,0.0,0.0,0.0,0.0,0.09080105488691956
73,0.0,0.0,0.0,0.0,-2.220446049250313e-16
74,0.0,0.0,0.0,0.0,0.0
75,0.0,0.0,0.0,0.0,-2.220446049250313e-16
76,0.0,0.0,0.0,0.0,-2.220446049250313e-16
77,0.0,0.0,0.0,0.0,0.6781705254775546
78,0.0,0.0,0.0,0.0,-2.220446049250313e-16
79,0.0,0.0,0.0,0.0,0.0
80,0.0,0.0,0.0,0.0,0.11300137013596599
81,0.0,0.0,0.0,0.0,-2.220446049250313e-16
82,0.0,0.0,0.0,0.0,0.17325708268641826
83,0.0,0.0,0.0,0.0,0.21312047427529726
84,0.0,0.0,0.0,0.0,-2.220446049250313e-16
85,0.0,0.0,0.0,0.0,-2.220446049250313e-16
86,0.0,0.0,0.0,0.0,0.536915930128696
87,0.0,0.0,0.0,0.0,0.47697008486748593
88,0.0,0.0,0.0,0.0,0.5342929796835347
89,0.0,0.0,0.0,0.0,-2.220446049250313e-16
90,0.0,0.0,0.0,0.0,-2.220446049250313e-16
91,0.0,0.0,0.0,0.0,0.6268031533542259
92,0.1,0.030303030303030304,0.08514311764162098,0.02,0.2948654841743039
93,0.0,0.0,0.0,0.0,0.55843144092383
94,0.0,0.0,0.0,0.0,-2.220446049250313e-16
95,0.1,0.02702702702702703,0.09478836436955078,0.025,-4.440892098500626e-16
96,0.0,0.0,0.0,0.0,0.1191763845390819
97,0.0,0.0,0.0,0.0,0.5003982479303942
98,0.0,0.0,0.0,0.0,-2.220446049250313e-16
99,0.0,0.0,0.0,0.0,0.2206799102867618
100,0.0,0.0,0.0,0.0,-2.220446049250313e-16
101,0.0,0.0,0.0,0.0,0.0
102,0.2,0.3333333333333333,0.198881557747969,0.06481481481481481,0.6672556779328315
103,0.0,0.0,0.0,0.0,0.274673104662929
104,0.0,0.0,0.0,0.0,-2.220446049250313e-16
105,0.0,0.0,0.0,0.0,0.3723796664867754
106,0.0,0.0,0.0,0.0,-2.220446049250313e-16
108,0.0,0.0,0.0,0.0,0.19251329954685284
109,0.0,0.0,0.0,0.0,0.5347553261314161
110,0.0,0.0,0.0,0.0,0.08684051416725033
111,0.0,0.0,0.0,0.0,-2.220446049250313e-16
112,0.0,0.0,0.0,0.0,-2.220446049250313e-16
113,0.0,0.0,0.0,0.0,0.0
114,0.0,0.0,0.0,0.0,0.27823905401928833
115,0.0,0.0,0.0,0.0,0.3034534287203501
116,0.1,0.1,0.22009176629808017,0.1,-2.220446049250313e-16
117,0.0,0.0,0.0,0.0,0.32879285237070965
118,0.0,0.0,0.0,0.0,0.25045334497305544
119,0.0,0.0,0.0,0.0,-2.220446049250313e-16
120,0.0,0.0,0.0,0.0,0.5014950726180968
121,0.0,0.0,0.0,0.0,-2.220446049250313e-16
122,0.0,0.0,0.0,0.0,-2.220446049250313e-16
123,0.0,0.0,0.0,0.0,0.21770057375076043
124,0.0,0.0,0.0,0.0,0.5654635387846543
125,0.0,0.0,0.0,0.0,-4.440892098500626e-16
126,0.0,0.0,0.0,0.0,0.13026077125087546
127,0.2,1.0,0.6509209298071326,0.5,0.5403544451628777
128,0.1,0.03571428571428571,0.13886244387355454,0.05,0.0
129,0.0,0.0,0.0,0.0,0.10983664057436625
130,0.0,0.0,0.0,0.0,0.1747395300461522
131,0.0,0.0,0.0,0.0,-2.220446049250313e-16
132,0.0,0.0,0.0,0.0,0.15008694432489356
133,0.1,0.5,0.6131471927654584,0.5,0.6812710107548328
134,0.0,0.0,0.0,0.0,0.2987220685482974
135,0.2,0.6666666666666666,0.3379680345449381,0.1619047619047619,0.1191763845390819
136,0.0,0.0,0.0,0.0,0.3010440916665371
137,0.1,0.125,0.0843142342558857,0.017857142857142856,0.1785331103830367
138,0.0,0.0,0.0,0.0,0.1266932277487313
140,0.0,0.0,0.0,0.0,0.31131722516052024
141,0.1,0.0625,0.08514311764162098,0.02,0.0
142,0.0,0.0,0.0,0.0,-2.220446049250313e-16
143,0.0,0.0,0.0,0.0,0.3326201239491962
144,0.0,0.0,0.0,0.0,-2.220446049250313e-16
145,0.3,0.08333333333333333,0.2781981696179509,0.1261904761904762,0.09080105488691956
146,0.0,0.0,0.0,0.0,0.0
147,0.0,0.0,0.0,0.0,-2.220446049250313e-16
148,0.2,0.18181818181818182,0.2082936658103318,0.075,0.6562432343072702
149,0.0,0.0,0.0,0.0,0.17009507887063183
150,0.0,0.0,0.0,0.0,0.0
151,0.0,0.0,0.0,0.0,0.28646551992230607
152,0.0,0.0,0.0,0.0,-4.440892098500626e-16
153,0.0,0.0,0.0,0.0,0.2759860219213603
154,0.0,0.0,0.0,0.0,0.6820973410812873
155,0.0,0.0,0.0,0.0,0.7138016586691863
156,0.0,0.0,0.0,0.0,0.5342825550671891
157,0.0,0.0,0.0,0.0,0.4769885194985926
158,0.0,0.0,0.0,0.0,0.3326890132381222
159,0.0,0.0,0.0,0.0,-2.220446049250313e-16
160,0.1,0.05555555555555555,0.06943122193677727,0.0125,-2.220446049250313e-16
161,0.0,0.0,0.0,0.0,0.3212090398620358
162,0.0,0.0,0.0,0.0,0.13996449844228018
163,0.0,0.0,0.0,0.0,-2.220446049250313e-16
164,0.0,0.0,0.0,0.0,0.2994971793162322
165,0.0,0.0,0.0,0.0,0.49512853036679016
166,0.0,0.0,0.0,0.0,0.0
167,0.0,0.0,0.0,0.0,-2.220446049250313e-16
168,0.0,0.0,0.0,0.0,-2.220446049250313e-16
169,0.0,0.0,0.0,0.0,0.0
170,0.0,0.0,0.0,0.0,0.13026077125087546
171,0.0,0.0,0.0,0.0,-2.220446049250313e-16
172,0.0,0.0,0.0,0.0,0.35547679347016786
173,0.0,0.0,0.0,0.0,-2.220446049250313e-16
174,0.0,0.0,0.0,0.0,-2.220446049250313e-16
175,0.0,0.0,0.0,0.0,0.49055677236517764
176,0.0,0.0,0.0,0.0,-2.220446049250313e-16
177,0.0,0.0,0.0,0.0,0.3562955043458161
178,0.0,0.0,0.0,0.0,0.08916506897835684
179,0.0,0.0,0.0,0.0,-2.220446049250313e-16
180,0.0,0.0,0.0,0.0,0.0
181,0.0,0.0,0.0,0.0,0.0
182,0.1,0.3333333333333333,0.46927872602275644,0.3333333333333333,0.19445712995545944
183,0.0,0.0,0.0,0.0,0.5624334461859861
184,0.1,0.038461538461538464,0.13886244387355454,0.05,-2.220446049250313e-16
185,0.0,0.0,0.0,0.0,-2.220446049250313e-16
186,0.0,0.0,0.0,0.0,-2.220446049250313e-16
187,0.0,0.0,0.0,0.0,-4.440892098500626e-16
188,0.0,0.0,0.0,0.0,0.0
189,0.0,0.0,0.0,0.0,0.0680950224265309
190,0.0,0.0,0.0,0.0,0.1617063990133149
191,0.0,0.0,0.0,0.0,-2.220446049250313e-16
192,0.0,0.0,0.0,0.0,-2.220446049250313e-16
193,0.0,0.0,0.0,0.0,-2.220446049250313e-16
194,0.0,0.0,0.0,0.0,-2.220446049250313e-16
195,0.0,0.0,0.0,0.0,0.05196747076569576
196,0.0,0.0,0.0,0.0,-2.220446049250313e-16
197,0.0,0.0,0.0,0.0,0.45232911839065293
198,0.0,0.0,0.0,0.0,0.4684694560779991
199,0.1,0.5,0.19342640361727081,0.0625,-2.220446049250313e-16
200,0.2,0.047619047619047616,0.2934556883974402,0.12857142857142856,0.5296402649953419
201,0.0,0.0,0.0,0.0,-2.220446049250313e-16
202,0.0,0.0,0.0,0.0,0.7189237963069262
203,0.0,0.0,0.0,0.0,0.0680950224265309
204,0.0,0.0,0.0,0.0,0.0
205,0.0,0.0,0.0,0.0,0.0
206,0.0,0.0,0.0,0.0,-2.220446049250313e-16
207,0.0,0.0,0.0,0.0,-2.220446049250313e-16
208,0.0,0.0,0.0,0.0,-4.440892098500626e-16
209,0.0,0.0,0.0,0.0,0.0
210,0.0,0.0,0.0,0.0,0.6442239444458019
211,0.0,0.0,0.0,0.0,0.6635588321104425
212,0.0,0.0,0.0,0.0,0.4194147961828845
213,0.1,0.04,0.22009176629808017,0.1,0.21578862118248868
214,0.0,0.0,0.0,0.0,-2.220446049250313e-16
215,0.2,0.18181818181818182,0.17993148201117176,0.065,0.6800283583958936
216,0.0,0.0,0.0,0.0,-2.220446049250313e-16
217,0.0,0.0,0.0,0.0,0.21735994168598374
218,0.0,0.0,0.0,0.0,-2.220446049250313e-16
219,0.1,0.2,0.10209739512291163,0.02222222222222222,0.6868952258144188
220,0.0,0.0,0.0,0.0,-2.220446049250313e-16
221,0.0,0.0,0.0,0.0,-2.220446049250313e-16
222,0.2,0.06060606060606061,0.17947710508581735,0.05833333333333333,0.4777059512299655
223,0.0,0.0,0.0,0.0,-4.440892098500626e-16
224,0.0,0.0,0.0,0.0,-2.220446049250313e-16
225,0.0,0.0,0.0,0.0,0.6413699082464518
226,0.0,0.0,0.0,0.0,0.19303619510831704
227,0.0,0.0,0.0,0.0,-2.220446049250313e-16
228,0.0,0.0,0.0,0.0,0.7832938644877496
230,0.0,0.0,0.0,0.0,0.11397817484451606
231,0.0,0.0,0.0,0.0,0.5801554997847115
232,0.0,0.0,0.0,0.0,0.0
233,0.0,0.0,0.0,0.0,-2.220446049250313e-16
234,0.0,0.0,0.0,0.0,0.0
235,0.0,0.0,0.0,0.0,0.14519906196479243
236,0.0,0.0,0.0,0.0,-2.220446049250313e-16
237,0.0,0.0,0.0,0.0,0.0
238,0.0,0.0,0.0,0.0,0.40384617097272596
239,0.0,0.0,0.0,0.0,-2.220446049250313e-16
240,0.0,0.0,0.0,0.0,-2.220446049250313e-16
241,0.0,0.0,0.0,0.0,-2.220446049250313e-16
242,0.0,0.0,0.0,0.0,0.0
243,0.0,0.0,0.0,0.0,-2.220446049250313e-16
244,0.0,0.0,0.0,0.0,-2.220446049250313e-16
245,0.0,0.0,0.0,0.0,0.0
246,0.0,0.0,0.0,0.0,0.6223177190548479
247,0.0,0.0,0.0,0.0,-2.220446049250313e-16
248,0.0,0.0,0.0,0.0,0.5908948367547981
249,0.0,0.0,0.0,0.0,0.09080105488691956
250,0.0,0.0,0.0,0.0,-2.220446049250313e-16
251,0.0,0.0,0.0,0.0,0.2603975363256092
252,0.0,0.0,0.0,0.0,-2.220446049250313e-16
253,0.0,0.0,0.0,0.0,0.38581935457197186
254,0.2,0.2222222222222222,0.23202214456934253,0.09259259259259259,0.5575011151107426
255,0.0,0.0,0.0,0.0,-2.220446049250313e-16
256,0.1,0.02857142857142857,0.09478836436955078,0.025,0.06542173108343693
257,0.1,0.07692307692307693,0.13886244387355454,0.05,0.0
259,0.0,0.0,0.0,0.0,-2.220446049250313e-16
260,0.1,0.3333333333333333,0.16716045496620227,0.05555555555555555,0.364391149469643
261,0.0,0.0,0.0,0.0,-2.220446049250313e-16
262,0.1,0.1111111111111111,0.23504554941448536,0.1111111111111111,-4.440892098500626e-16
263,0.1,0.04,0.13886244387355454,0.05,0.5028673506029956
264,0.0,0.0,0.0,0.0,0.0
265,0.0,0.0,0.0,0.0,0.0
266,0.0,0.0,0.0,0.0,0.0
267,0.0,0.0,0.0,0.0,0.3870109479787739
268,0.0,0.0,0.0,0.0,0.19655587464424967
269,0.0,0.0,0.0,0.0,0.0
270,0.1,0.04,0.06943122193677727,0.0125,0.0
271,0.0,0.0,0.0,0.0,-2.220446049250313e-16
272,0.0,0.0,0.0,0.0,0.3885276789221136
273,0.0,0.0,0.0,0.0,0.0
274,0.0,0.0,0.0,0.0,-4.440892098500626e-16
275,0.1,0.25,0.19519002499605084,0.08333333333333333,0.5949845527363453
276,0.0,0.0,0.0,0.0,-2.220446049250313e-16
277,0.0,0.0,0.0,0.0,0.3161450260748369
278,0.0,0.0,0.0,0.0,0.3450864572332426
279,0.0,0.0,0.0,0.0,-2.220446049250313e-16
280,0.0,0.0,0.0,0.0,-2.220446049250313e-16
281,0.0,0.0,0.0,0.0,0.6258661940530135
282,0.0,0.0,0.0,0.0,0.6468377577072882
283,0.0,0.0,0.0,0.0,-2.220446049250313e-16
284,0.0,0.0,0.0,0.0,-2.220446049250313e-16
285,0.0,0.0,0.0,0.0,-2.220446049250313e-16
286,0.0,0.0,0.0,0.0,-2.220446049250313e-16
287,0.0,0.0,0.0,0.0,0.1191763845390819
288,0.0,0.0,0.0,0.0,-2.220446049250313e-16
289,0.0,0.0,0.0,0.0,0.20666155178928938
290,0.1,0.07692307692307693,0.22009176629808017,0.1,0.7685757805495183
291,0.1,0.02040816326530612,0.11004588314904008,0.03333333333333333,0.0
292,0.0,0.0,0.0,0.0,-2.220446049250313e-16
293,0.0,0.0,0.0,0.0,-2.220446049250313e-16
294,0.0,0.0,0.0,0.0,0.18370340420549272
295,0.1,0.02631578947368421,0.06943122193677727,0.0125,0.0680950224265309
296,0.0,0.0,0.0,0.0,-2.220446049250313e-16
297,0.0,0.0,0.0,0.0,-2.220446049250313e-16
298,0.1,0.058823529411764705,0.11004588314904008,0.03333333333333333,0.5777216373742817
299,0.2,0.06896551724137931,0.33013764944712026,0.16666666666666666,0.2313039496506736
300,0.0,0.0,0.0,0.0,-2.220446049250313e-16
301,0.1,0.03225806451612903,0.06625422345438903,0.01111111111111111,-2.220446049250313e-16
302,0.0,0.0,0.0,0.0,0.6328186452245471
303,0.0,0.0,0.0,0.0,0.14519906196479243
304,0.0,0.0,0.0,0.0,0.0
305,0.0,0.0,0.0,0.0,-2.220446049250313e-16
306,0.0,0.0,0.0,0.0,-2.220446049250313e-16
307,0.1,0.08333333333333333,0.11004588314904008,0.03333333333333333,0.4887383033043864
308,0.0,0.0,0.0,0.0,0.0
309,0.0,0.0,0.0,0.0,0.46801319553961895
310,0.0,0.0,0.0,0.0,0.0
311,0.0,0.0,0.0,0.0,-2.220446049250313e-16
312,0.0,0.0,0.0,0.0,0.0680950224265309
313,0.1,0.034482758620689655,0.22009176629808017,0.1,0.7245820779234567
314,0.0,0.0,0.0,0.0,-2.220446049250313e-16
315,0.0,0.0,0.0,0.0,0.1191763845390819
316,0.0,0.0,0.0,0.0,0.0
317,0.0,0.0,0.0,0.0,0.20006297483214747
318,0.0,0.0,0.0,0.0,0.1746453474652005
319,0.0,0.0,0.0,0.0,0.3060640041519951
320,0.0,0.0,0.0,0.0,0.3636486642546871
321,0.0,0.0,0.0,0.0,0.10983664057436625
322,0.0,0.0,0.0,0.0,-2.220446049250313e-16
323,0.0,0.0,0.0,0.0,-2.220446049250313e-16
324,0.0,0.0,0.0,0.0,-2.220446049250313e-16
325,0.2,0.13333333333333333,0.31488013066763093,0.15,0.6712304312735831
326,0.0,0.0,0.0,0.0,0.3526907592849237
327,0.0,0.0,0.0,0.0,0.28646551992230607
328,0.2,0.09523809523809523,0.33013764944712026,0.16666666666666666,0.5657676981722836
329,0.0,0.0,0.0,0.0,0.11159894413954684
330,0.0,0.0,0.0,0.0,-2.220446049250313e-16
331,0.0,0.0,0.0,0.0,-2.220446049250313e-16
332,0.0,0.0,0.0,0.0,0.18370340420549272
333,0.0,0.0,0.0,0.0,0.0
334,0.0,0.0,0.0,0.0,-2.220446049250313e-16
335,0.0,0.0,0.0,0.0,0.0
336,0.0,0.0,0.0,0.0,-4.440892098500626e-16
337,0.0,0.0,0.0,0.0,0.5545269457411016
338,0.0,0.0,0.0,0.0,0.0680950224265309
339,0.0,0.0,0.0,0.0,-2.220446049250313e-16
340,0.0,0.0,0.0,0.0,0.46252736090701263
341,0.0,0.0,0.0,0.0,-2.220446049250313e-16
342,0.0,0.0,0.0,0.0,-2.220446049250313e-16
343,0.0,0.0,0.0,0.0,-2.220446049250313e-16
344,0.0,0.0,0.0,0.0,-2.220446049250313e-16
345,0.0,0.0,0.0,0.0,-2.220446049250313e-16
346,0.0,0.0,0.0,0.0,0.21312047427529726
347,0.0,0.0,0.0,0.0,0.3248880029348358
348,0.0,0.0,0.0,0.0,0.0
349,0.0,0.0,0.0,0.0,0.0
350,0.0,0.0,0.0,0.0,0.7258443364797093
351,0.0,0.0,0.0,0.0,-2.220446049250313e-16
352,0.0,0.0,0.0,0.0,0.5783072515505423
353,0.0,0.0,0.0,0.0,0.4409364052251108
354,0.0,0.0,0.0,0.0,-2.220446049250313e-16
355,0.0,0.0,0.0,0.0,-2.220446049250313e-16
356,0.0,0.0,0.0,0.0,-2.220446049250313e-16
357,0.0,0.0,0.0,0.0,-4.440892098500626e-16
358,0.0,0.0,0.0,0.0,-2.220446049250313e-16
359,0.0,0.0,0.0,0.0,0.4292816478798082
360,0.1,0.058823529411764705,0.07839826897867533,0.016666666666666666,0.0
361,0.0,0.0,0.0,0.0,0.0680950224265309
362,0.0,0.0,0.0,0.0,0.0
363,0.0,0.0,0.0,0.0,0.4720653668694982
364,0.0,0.0,0.0,0.0,-4.440892098500626e-16
365,0.0,0.0,0.0,0.0,-2.220446049250313e-16
366,0.0,0.0,0.0,0.0,0.3516438507157175
367,0.0,0.0,0.0,0.0,0.4875283830130949
368,0.0,0.0,0.0,0.0,0.44400056120142695
369,0.1,1.0,1.0,1.0,0.7159254068204092
370,0.1,0.1,0.06362078819895171,0.01,0.5878307714930235
371,0.0,0.0,0.0,0.0,0.13026077125087546
372,0.1,0.1111111111111111,0.08372491399919346,0.018518518518518517,0.0
373,0.0,0.0,0.0,0.0,0.0680950224265309
374,0.0,0.0,0.0,0.0,-2.220446049250313e-16
375,0.0,0.0,0.0,0.0,-2.220446049250313e-16
376,0.0,0.0,0.0,0.0,0.3021511867477848
377,0.0,0.0,0.0,0.0,0.6854922678954857
378,0.1,0.030303030303030304,0.08514311764162098,0.02,-2.220446049250313e-16
379,0.0,0.0,0.0,0.0,0.5100966773165947
380,0.0,0.0,0.0,0.0,0.31294025845363915
381,0.0,0.0,0.0,0.0,0.0680950224265309
382,0.1,0.25,0.19519002499605084,0.08333333333333333,0.4422982262614559
383,0.0,0.0,0.0,0.0,0.0
384,0.0,0.0,0.0,0.0,0.0
385,0.0,0.0,0.0,0.0,-2.220446049250313e-16
386,0.0,0.0,0.0,0.0,0.3196807114129458
387,0.0,0.0,0.0,0.0,-2.220446049250313e-16
388,0.0,0.0,0.0,0.0,-2.220446049250313e-16
389,0.0,0.0,0.0,0.0,-2.220446049250313e-16
390,0.0,0.0,0.0,0.0,0.0
391,0.0,0.0,0.0,0.0,0.27467310466292905
392,0.1,0.058823529411764705,0.06625422345438903,0.01111111111111111,-2.220446049250313e-16
393,0.0,0.0,0.0,0.0,-2.220446049250313e-16
394,0.1,0.05555555555555555,0.07336392209936005,0.014285714285714285,0.405149122703469
395,0.0,0.0,0.0,0.0,-2.220446049250313e-16
396,0.0,0.0,0.0,0.0,-2.220446049250313e-16
397,0.0,0.0,0.0,0.0,0.3870109479787739
398,0.0,0.0,0.0,0.0,-2.220446049250313e-16
399,0.0,0.0,0.0,0.0,-2.220446049250313e-16
400,0.0,0.0,0.0,0.0,0.16768159315767633
401,0.0,0.0,0.0,0.0,0.5391765599044736
402,0.0,0.0,0.0,0.0,0.0
403,0.0,0.0,0.0,0.0,0.37566950048936876
404,0.0,0.0,0.0,0.0,0.5364016024612239
405,0.0,0.0,0.0,0.0,0.0
406,0.0,0.0,0.0,0.0,-2.220446049250313e-16
407,0.0,0.0,0.0,0.0,0.0
408,0.0,0.0,0.0,0.0,0.751089043928194
409,0.0,0.0,0.0,0.0,-2.220446049250313e-16
410,0.0,0.0,0.0,0.0,0.11785078938770156
411,0.0,0.0,0.0,0.0,-4.440892098500626e-16
412,0.0,0.0,0.0,0.0,0.492587133852188
413,0.0,0.0,0.0,0.0,0.10983664057436625
414,0.0,0.0,0.0,0.0,0.15562693191234714
415,0.0,0.0,0.0,0.0,0.5117672780958792
416,0.0,0.0,0.0,0.0,-2.220446049250313e-16
417,0.0,0.0,0.0,0.0,0.28646551992230607
418,0.0,0.0,0.0,0.0,0.44090110151122075
419,0.0,0.0,0.0,0.0,0.0
420,0.0,0.0,0.0,0.0,0.0
421,0.1,0.07142857142857142,0.11004588314904008,0.03333333333333333,0.36910508329373476
422,0.0,0.0,0.0,0.0,0.0
423,0.0,0.0,0.0,0.0,-2.220446049250313e-16
424,0.0,0.0,0.0,0.0,0.0
425,0.0,0.0,0.0,0.0,0.3779920284858278
426,0.3,0.15789473684210525,0.42257499837058643,0.22999999999999998,0.7784273734436684
427,0.0,0.0,0.0,0.0,-2.220446049250313e-16
428,0.0,0.0,0.0,0.0,-2.220446049250313e-16
429,0.0,0.0,0.0,0.0,-2.220446049250313e-16
430,0.0,0.0,0.0,0.0,-2.220446049250313e-16
431,0.0,0.0,0.0,0.0,0.6307298159307126
432,0.0,0.0,0.0,0.0,-2.220446049250313e-16
433,0.0,0.0,0.0,0.0,0.1793021886514995
434,0.0,0.0,0.0,0.0,-2.220446049250313e-16
435,0.0,0.0,0.0,0.0,0.5122381435739745
436,0.0,0.0,0.0,0.0,-2.220446049250313e-16
437,0.0,0.0,0.0,0.0,0.0680950224265309
438,0.0,0.0,0.0,0.0,0.0
439,0.0,0.0,0.0,0.0,-2.220446049250313e-16
440,0.0,0.0,0.0,0.0,-2.220446049250313e-16
441,0.0,0.0,0.0,0.0,0.6391848541668697
442,0.0,0.0,0.0,0.0,0.4311574368215357
443,0.0,0.0,0.0,0.0,0.6174764182609883
444,0.0,0.0,0.0,0.0,0.5220411215904777
445,0.0,0.0,0.0,0.0,-2.220446049250313e-16
446,0.0,0.0,0.0,0.0,-2.220446049250313e-16
447,0.0,0.0,0.0,0.0,0.0680950224265309
448,0.0,0.0,0.0,0.0,-2.220446049250313e-16
449,0.0,0.0,0.0,0.0,-2.220446049250313e-16
450,0.0,0.0,0.0,0.0,-2.220446049250313e-16
451,0.0,0.0,0.0,0.0,-2.220446049250313e-16
452,0.0,0.0,0.0,0.0,0.49876092747392436
453,0.0,0.0,0.0,0.0,-2.220446049250313e-16
454,0.0,0.0,0.0,0.0,-2.220446049250313e-16
455,0.0,0.0,0.0,0.0,-2.220446049250313e-16
456,0.0,0.0,0.0,0.0,-2.220446049250313e-16
457,0.0,0.0,0.0,0.0,-2.220446049250313e-16
458,0.0,0.0,0.0,0.0,-2.220446049250313e-16
459,0.0,0.0,0.0,0.0,0.43576309211289543
460,0.0,0.0,0.0,0.0,-2.220446049250313e-16
461,0.0,0.0,0.0,0.0,0.3053022986737669
462,0.0,0.0,0.0,0.0,0.13026077125087546
463,0.0,0.0,0.0,0.0,0.0
464,0.0,0.0,0.0,0.0,0.37130057478266953
465,0.0,0.0,0.0,0.0,-2.220446049250313e-16
466,0.0,0.0,0.0,0.0,-2.220446049250313e-16
467,0.0,0.0,0.0,0.0,0.2339680331126057
468,0.0,0.0,0.0,0.0,-2.220446049250313e-16
469,0.0,0.0,0.0,0.0,-2.220446049250313e-16
470,0.0,0.0,0.0,0.0,-2.220446049250313e-16
471,0.2,0.25,0.3372569370235428,0.1607142857142857,0.3196229501904081
472,0.1,0.017857142857142856,0.22009176629808017,0.1,0.5136091553525135
473,0.0,0.0,0.0,0.0,0.28646551992230607
474,0.0,0.0,0.0,0.0,-2.220446049250313e-16
475,0.0,0.0,0.0,0.0,0.1191763845390819
476,0.0,0.0,0.0,0.0,-2.220446049250313e-16
477,0.0,0.0,0.0,0.0,-4.440892098500626e-16
478,0.0,0.0,0.0,0.0,-2.220446049250313e-16
479,0.1,0.043478260869565216,0.07336392209936005,0.014285714285714285,0.7396945740160403
480,0.0,0.0,0.0,0.0,0.21655340434637774
481,0.0,0.0,0.0,0.0,-4.440892098500626e-16
482,0.0,0.0,0.0,0.0,-2.220446049250313e-16
483,0.0,0.0,0.0,0.0,0.634803321105884
484,0.0,0.0,0.0,0.0,0.40009277414482275
485,0.0,0.0,0.0,0.0,0.1504303058279547
486,0.0,0.0,0.0,0.0,-2.220446049250313e-16
487,0.0,0.0,0.0,0.0,0.0680950224265309
488,0.0,0.0,0.0,0.0,-2.220446049250313e-16
489,0.0,0.0,0.0,0.0,0.0
490,0.0,0.0,0.0,0.0,0.0
491,0.0,0.0,0.0,0.0,-2.220446049250313e-16
492,0.1,0.16666666666666666,0.10778915452451093,0.027777777777777776,0.5248728762077076
493,0.1,0.05555555555555555,0.06943122193677727,0.0125,0.5553560001886465
494,0.0,0.0,0.0,0.0,-2.220446049250313e-16
495,0.0,0.0,0.0,0.0,0.4000927741448227
496,0.0,0.0,0.0,0.0,-2.220446049250313e-16
497,0.1,0.03225806451612903,0.22009176629808017,0.1,0.5009565406380668
498,0.0,0.0,0.0,0.0,0.3870109479787739
499,0.0,0.0,0.0,0.0,-2.220446049250313e-16
500,0.0,0.0,0.0,0.0,0.0680950224265309
501,0.0,0.0,0.0,0.0,0.33618377773135627
502,0.0,0.0,0.0,0.0,0.21919085917136008
503,0.1,0.05,0.08514311764162098,0.02,0.0
504,0.1,0.02857142857142857,0.09478836436955078,0.025,-2.220446049250313e-16
505,0.0,0.0,0.0,0.0,0.4883967009843446
506,0.0,0.0,0.0,0.0,0.26664869315037637
507,0.1,0.09090909090909091,0.13886244387355454,0.05,0.0
508,0.0,0.0,0.0,0.0,0.3415350630945281
509,0.0,0.0,0.0,0.0,0.8126882910705036
511,0.0,0.0,0.0,0.0,-2.220446049250313e-16
512,0.0,0.0,0.0,0.0,0.3885675823535802
513,0.0,0.0,0.0,0.0,0.3503561700368776
514,0.0,0.0,0.0,0.0,0.1746453474652005
515,0.0,0.0,0.0,0.0,-2.220446049250313e-16
516,0.0,0.0,0.0,0.0,0.554792779424024
517,0.1,0.2,0.21398626473452756,0.1,0.0
518,0.0,0.0,0.0,0.0,0.0
519,0.0,0.0,0.0,0.0,-2.220446049250313e-16
520,0.0,0.0,0.0,0.0,-2.220446049250313e-16
521,0.0,0.0,0.0,0.0,0.6055711580965993
522,0.0,0.0,0.0,0.0,0.0
523,0.0,0.0,0.0,0.0,-4.440892098500626e-16
524,0.0,0.0,0.0,0.0,-2.220446049250313e-16
525,0.1,0.5,0.17723928678404774,0.05,0.0
526,0.0,0.0,0.0,0.0,-2.220446049250313e-16
527,0.0,0.0,0.0,0.0,0.17869559224154996
528,0.0,0.0,0.0,0.0,0.5160576700931107
529,0.0,0.0,0.0,0.0,-2.220446049250313e-16
530,0.1,0.2,0.21398626473452756,0.1,0.0
531,0.0,0.0,0.0,0.0,0.05196747076569576
532,0.0,0.0,0.0,0.0,-2.220446049250313e-16
533,0.0,0.0,0.0,0.0,0.0
534,0.0,0.0,0.0,0.0,-2.220446049250313e-16
535,0.0,0.0,0.0,0.0,-2.220446049250313e-16
536,0.0,0.0,0.0,0.0,0.09238661469457021
537,0.0,0.0,0.0,0.0,-2.220446049250313e-16
538,0.0,0.0,0.0,0.0,0.5136832549196624
539,0.0,0.0,0.0,0.0,0.0
540,0.0,0.0,0.0,0.0,-2.220446049250313e-16
541,0.1,0.07142857142857142,0.11004588314904008,0.03333333333333333,0.6199168749574757
542,0.0,0.0,0.0,0.0,-2.220446049250313e-16
543,0.0,0.0,0.0,0.0,0.03830345011492364
544,0.0,0.0,0.0,0.0,0.05196747076569576
545,0.1,0.07692307692307693,0.13886244387355454,0.05,0.2936467624839412
546,0.0,0.0,0.0,0.0,0.4668138783780143
547,0.0,0.0,0.0,0.0,0.5570926128076392
548,0.1,0.047619047619047616,0.08514311764162098,0.02,-2.220446049250313e-16
549,0.0,0.0,0.0,0.0,0.7373774961911862
550,0.1,0.25,0.3903800499921017,0.25,0.6264234952283257
551,0.1,0.020833333333333332,0.08514311764162098,0.02,-2.220446049250313e-16
552,0.0,0.0,0.0,0.0,0.1191763845390819
553,0.0,0.0,0.0,0.0,0.6910530207221864
554,0.0,0.0,0.0,0.0,0.11397817484451606
555,0.0,0.0,0.0,0.0,-2.220446049250313e-16
556,0.0,0.0,0.0,0.0,0.7664209183884865
557,0.0,0.0,0.0,0.0,-2.220446049250313e-16
558,0.0,0.0,0.0,0.0,0.0
559,0.1,0.1111111111111111,0.07414861528507455,0.013888888888888888,0.5616129828893439
560,0.0,0.0,0.0,0.0,0.584986870436122
561,0.0,0.0,0.0,0.0,-2.220446049250313e-16
562,0.0,0.0,0.0,0.0,0.3799302177303304
563,0.0,0.0,0.0,0.0,0.0680950224265309
565,0.0,0.0,0.0,0.0,-2.220446049250313e-16
566,0.0,0.0,0.0,0.0,-2.220446049250313e-16
567,0.0,0.0,0.0,0.0,-2.220446049250313e-16
568,0.0,0.0,0.0,0.0,0.319532755673792
569,0.0,0.0,0.0,0.0,-2.220446049250313e-16
570,0.0,0.0,0.0,0.0,0.44274797691597195
571,0.0,0.0,0.0,0.0,0.0
573,0.0,0.0,0.0,0.0,0.5704212079368151
574,0.0,0.0,0.0,0.0,-2.220446049250313e-16
575,0.0,0.0,0.0,0.0,0.0
576,0.0,0.0,0.0,0.0,0.0
577,0.1,0.03125,0.09478836436955078,0.025,0.0680950224265309
578,0.0,0.0,0.0,0.0,0.0
579,0.0,0.0,0.0,0.0,-4.440892098500626e-16
580,0.0,0.0,0.0,0.0,0.4773378794535853
581,0.0,0.0,0.0,0.0,-2.220446049250313e-16
582,0.0,0.0,0.0,0.0,-2.220446049250313e-16
583,0.0,0.0,0.0,0.0,0.23948603388427764
584,0.1,1.0,0.31546487678572877,0.125,0.6009483439579456
585,0.0,0.0,0.0,0.0,-2.220446049250313e-16
586,0.0,0.0,0.0,0.0,0.1486407222304816
587,0.0,0.0,0.0,0.0,-2.220446049250313e-16
588,0.0,0.0,0.0,0.0,0.0816744723551957
589,0.0,0.0,0.0,0.0,0.0
590,0.0,0.0,0.0,0.0,-2.220446049250313e-16
591,0.0,0.0,0.0,0.0,0.0
592,0.0,0.0,0.0,0.0,-2.220446049250313e-16
593,0.1,0.05,0.11004588314904008,0.03333333333333333,-4.440892098500626e-16
594,0.0,0.0,0.0,0.0,-2.220446049250313e-16
595,0.0,0.0,0.0,0.0,-2.220446049250313e-16
596,0.0,0.0,0.0,0.0,0.0
597,0.0,0.0,0.0,0.0,0.42453468495407365
598,0.0,0.0,0.0,0.0,0.3769044077807693
599,0.1,0.2,0.13120507751234178,0.04,-4.440892098500626e-16
600,0.0,0.0,0.0,0.0,0.48719108428065827
601,0.0,0.0,0.0,0.0,0.6406204630546858
602,0.0,0.0,0.0,0.0,0.4764582021165506
603,0.2,0.2222222222222222,0.19215663883127904,0.07222222222222223,0.6913148619873566
604,0.0,0.0,0.0,0.0,0.7126774324292758
605,0.0,0.0,0.0,0.0,-2.220446049250313e-16
606,0.0,0.0,0.0,0.0,-2.220446049250313e-16
607,0.0,0.0,0.0,0.0,0.319916513105122
608,0.0,0.0,0.0,0.0,-2.220446049250313e-16
609,0.0,0.0,0.0,0.0,0.05196747076569576
610,0.0,0.0,0.0,0.0,0.24476924039367176
611,0.0,0.0,0.0,0.0,-2.220446049250313e-16
612,0.0,0.0,0.0,0.0,0.0
613,0.0,0.0,0.0,0.0,-2.220446049250313e-16
614,0.0,0.0,0.0,0.0,0.3870109479787739
615,0.0,0.0,0.0,0.0,0.0680950224265309
616,0.0,0.0,0.0,0.0,0.0
617,0.1,0.1111111111111111,0.23504554941448536,0.1111111111111111,0.7407318634181476
618,0.0,0.0,0.0,0.0,0.5702416195877185
619,0.0,0.0,0.0,0.0,0.33300074105515187
620,0.0,0.0,0.0,0.0,0.6091358669346759
621,0.0,0.0,0.0,0.0,0.6011819448064045
622,0.0,0.0,0.0,0.0,0.35275971189212574
623,0.0,0.0,0.0,0.0,-4.440892098500626e-16
624,0.0,0.0,0.0,0.0,-2.220446049250313e-16
625,0.0,0.0,0.0,0.0,0.35113886133973926
626,0.0,0.0,0.0,0.0,0.12397779476295703
627,0.0,0.0,0.0,0.0,-2.220446049250313e-16
628,0.0,0.0,0.0,0.0,-2.220446049250313e-16
629,0.0,0.0,0.0,0.0,-2.220446049250313e-16
630,0.0,0.0,0.0,0.0,-2.220446049250313e-16
631,0.0,0.0,0.0,0.0,-2.220446049250313e-16
632,0.1,0.07142857142857142,0.06625422345438903,0.01111111111111111,0.3930406560479848
633,0.0,0.0,0.0,0.0,0.0787300303737826
634,0.0,0.0,0.0,0.0,-2.220446049250313e-16
635,0.0,0.0,0.0,0.0,0.42096285723830007
636,0.0,0.0,0.0,0.0,0.558858401173586
637,0.0,0.0,0.0,0.0,-2.220446049250313e-16
638,0.0,0.0,0.0,0.0,0.5759311871201379
639,0.1,0.1111111111111111,0.08372491399919346,0.018518518518518517,0.0
640,0.0,0.0,0.0,0.0,0.0
642,0.1,0.03125,0.08514311764162098,0.02,-2.220446049250313e-16
643,0.0,0.0,0.0,0.0,0.21562007174882195
644,0.0,0.0,0.0,0.0,0.0
645,0.0,0.0,0.0,0.0,-2.220446049250313e-16
647,0.0,0.0,0.0,0.0,0.333260803547904
648,0.0,0.0,0.0,0.0,0.234107236587167
649,0.0,0.0,0.0,0.0,0.3036851359190186
650,0.2,0.09090909090909091,0.23365080824310533,0.1,0.5933275816237781
652,0.0,0.0,0.0,0.0,0.5370517691887029
653,0.0,0.0,0.0,0.0,0.6762234261889366
654,0.0,0.0,0.0,0.0,0.05196747076569576
655,0.0,0.0,0.0,0.0,-2.220446049250313e-16
656,0.0,0.0,0.0,0.0,0.13903623758986788
657,0.0,0.0,0.0,0.0,-2.220446049250313e-16
658,0.0,0.0,0.0,0.0,0.27467310466292905
659,0.0,0.0,0.0,0.0,0.17114474015808057
660,0.0,0.0,0.0,0.0,0.6700748052604852
661,0.1,0.05263157894736842,0.22009176629808017,0.1,0.668190243443093
662,0.0,0.0,0.0,0.0,-2.220446049250313e-16
663,0.0,0.0,0.0,0.0,-2.220446049250313e-16
664,0.0,0.0,0.0,0.0,0.6587545193372294
665,0.0,0.0,0.0,0.0,0.0680950224265309
666,0.0,0.0,0.0,0.0,-2.220446049250313e-16
667,0.0,0.0,0.0,0.0,-2.220446049250313e-16
668,0.0,0.0,0.0,0.0,-2.220446049250313e-16
669,0.1,0.09090909090909091,0.22009176629808017,0.1,0.666437430526056
670,0.0,0.0,0.0,0.0,0.7083726522081465
671,0.0,0.0,0.0,0.0,0.43928004646834606
672,0.1,0.5,0.2640681225725909,0.125,-2.220446049250313e-16
673,0.0,0.0,0.0,0.0,-2.220446049250313e-16
674,0.0,0.0,0.0,0.0,-2.220446049250313e-16
675,0.0,0.0,0.0,0.0,-2.220446049250313e-16
676,0.0,0.0,0.0,0.0,0.35585969838722137
677,0.0,0.0,0.0,0.0,0.0
678,0.0,0.0,0.0,0.0,0.1191763845390819
679,0.0,0.0,0.0,0.0,0.10983664057436625
680,0.0,0.0,0.0,0.0,-2.220446049250313e-16
681,0.0,0.0,0.0,0.0,-2.220446049250313e-16
682,0.0,0.0,0.0,0.0,-2.220446049250313e-16
683,0.0,0.0,0.0,0.0,0.28611781735721775
684,0.2,0.2857142857142857,0.22471947398559278,0.09285714285714286,-4.440892098500626e-16
686,0.0,0.0,0.0,0.0,0.5182965700095603
687,0.0,0.0,0.0,0.0,0.05196747076569576
688,0.0,0.0,0.0,0.0,-2.220446049250313e-16
689,0.0,0.0,0.0,0.0,0.37104013050305445
690,0.0,0.0,0.0,0.0,0.0
691,0.0,0.0,0.0,0.0,-2.220446049250313e-16
692,0.0,0.0,0.0,0.0,-2.220446049250313e-16
693,0.0,0.0,0.0,0.0,0.22066997601439908
694,0.2,0.05714285714285714,0.30523488393970116,0.13999999999999999,0.7176744325163604
695,0.0,0.0,0.0,0.0,0.2583344722884088
696,0.0,0.0,0.0,0.0,-2.220446049250313e-16
697,0.0,0.0,0.0,0.0,0.11529761584369191
698,0.0,0.0,0.0,0.0,0.648460468968268
699,0.0,0.0,0.0,0.0,-2.220446049250313e-16
701,0.0,0.0,0.0,0.0,0.0
702,0.1,0.3333333333333333,0.46927872602275644,0.3333333333333333,0.5539542063921945
703,0.0,0.0,0.0,0.0,0.337857645446878
704,0.0,0.0,0.0,0.0,0.3374504897480104
705,0.1,0.08333333333333333,0.06362078819895171,0.01,0.4617637846489211
706,0.0,0.0,0.0,0.0,0.0
707,0.0,0.0,0.0,0.0,-2.220446049250313e-16
708,0.0,0.0,0.0,0.0,0.0
709,0.0,0.0,0.0,0.0,0.4561993986715252
710,0.1,0.25,0.123151194370365,0.03125,0.21655340434637774
711,0.0,0.0,0.0,0.0,0.0
712,0.0,0.0,0.0,0.0,-4.440892098500626e-16
713,0.0,0.0,0.0,0.0,-2.220446049250313e-16
714,0.1,0.25,0.123151194370365,0.03125,0.267358090782283
715,0.0,0.0,0.0,0.0,-2.220446049250313e-16
716,0.1,0.02564102564102564,0.11004588314904008,0.03333333333333333,0.1746453474652005
717,0.0,0.0,0.0,0.0,-2.220446049250313e-16
718,0.0,0.0,0.0,0.0,0.13996449844228018
719,0.0,0.0,0.0,0.0,-2.220446049250313e-16
720,0.0,0.0,0.0,0.0,-2.220446049250313e-16
721,0.1,0.05,0.22009176629808017,0.1,0.5614893431145964
722,0.0,0.0,0.0,0.0,0.09021626316491423
723,0.0,0.0,0.0,0.0,0.7160787975038575
724,0.0,0.0,0.0,0.0,-2.220446049250313e-16
725,0.0,0.0,0.0,0.0,0.13304376552156727
726,0.0,0.0,0.0,0.0,-2.220446049250313e-16
727,0.0,0.0,0.0,0.0,0.45547262295185875
728,0.0,0.0,0.0,0.0,-2.220446049250313e-16
729,0.0,0.0,0.0,0.0,0.0
730,0.0,0.0,0.0,0.0,0.4746045955602229
731,0.1,0.09090909090909091,0.07336392209936005,0.014285714285714285,0.4398210202014456
732,0.0,0.0,0.0,0.0,0.3125433893513842
733,0.0,0.0,0.0,0.0,-2.220446049250313e-16
734,0.0,0.0,0.0,0.0,0.0
735,0.0,0.0,0.0,0.0,0.0
737,0.0,0.0,0.0,0.0,-2.220446049250313e-16
738,0.0,0.0,0.0,0.0,0.5713107621110648
739,0.1,0.3333333333333333,0.15642624200758548,0.047619047619047616,0.2328434634963747
740,0.0,0.0,0.0,0.0,-2.220446049250313e-16
741,0.0,0.0,0.0,0.0,0.05196747076569576
742,0.0,0.0,0.0,0.0,-2.220446049250313e-16
743,0.0,0.0,0.0,0.0,-2.220446049250313e-16
744,0.0,0.0,0.0,0.0,0.4626444294229978
746,0.0,0.0,0.0,0.0,0.37910660238665667
747,0.1,0.02127659574468085,0.07839826897867533,0.016666666666666666,-2.220446049250313e-16
748,0.1,0.125,0.2529427027676571,0.125,0.7053679186653868
749,0.1,0.02631578947368421,0.09478836436955078,0.025,0.5545557490930029
750,0.0,0.0,0.0,0.0,-2.220446049250313e-16
751,0.0,0.0,0.0,0.0,-4.440892098500626e-16
752,0.0,0.0,0.0,0.0,-2.220446049250313e-16
753,0.0,0.0,0.0,0.0,0.46795173309276994
754,0.0,0.0,0.0,0.0,-2.220446049250313e-16
755,0.0,0.0,0.0,0.0,-2.220446049250313e-16
756,0.0,0.0,0.0,0.0,0.31595989285155535
757,0.1,0.05,0.06943122193677727,0.0125,0.6013169614744112
758,0.0,0.0,0.0,0.0,0.0
759,0.0,0.0,0.0,0.0,0.3454964849877531
760,0.0,0.0,0.0,0.0,-2.220446049250313e-16
761,0.1,0.5,0.18457569677956817,0.05555555555555555,0.0
762,0.1,0.25,0.13012668333070054,0.03571428571428571,0.0
763,0.0,0.0,0.0,0.0,-2.220446049250313e-16
764,0.0,0.0,0.0,0.0,0.0
765,0.0,0.0,0.0,0.0,-2.220446049250313e-16
766,0.0,0.0,0.0,0.0,0.5887367124717543
767,0.0,0.0,0.0,0.0,0.1191763845390819
768,0.0,0.0,0.0,0.0,0.05196747076569576
769,0.0,0.0,0.0,0.0,-2.220446049250313e-16
770,0.0,0.0,0.0,0.0,0.03830345011492364
771,0.0,0.0,0.0,0.0,-4.440892098500626e-16
772,0.1,0.3333333333333333,0.13565197343244778,0.03333333333333333,0.11397817484451606
773,0.0,0.0,0.0,0.0,0.0
774,0.0,0.0,0.0,0.0,0.6036556848163447
775,0.0,0.0,0.0,0.0,-2.220446049250313e-16
776,0.0,0.0,0.0,0.0,0.6223858887681616
777,0.1,0.14285714285714285,0.27487633291429087,0.14285714285714285,0.1883289700963274
778,0.0,0.0,0.0,0.0,-2.220446049250313e-16
779,0.0,0.0,0.0,0.0,0.41033907081827586
780,0.1,0.1,0.13886244387355454,0.05,0.6750573570267748
781,0.0,0.0,0.0,0.0,0.6392629074552713
782,0.1,0.1,0.08514311764162098,0.02,-2.220446049250313e-16
783,0.1,0.5,0.2640681225725909,0.125,-2.220446049250313e-16
784,0.0,0.0,0.0,0.0,-2.220446049250313e-16
785,0.0,0.0,0.0,0.0,0.6968826955927024
786,0.0,0.0,0.0,0.0,0.0
787,0.0,0.0,0.0,0.0,-2.220446049250313e-16
788,0.0,0.0,0.0,0.0,0.4789330298860384
789,0.0,0.0,0.0,0.0,-2.220446049250313e-16
790,0.0,0.0,0.0,0.0,-2.220446049250313e-16
791,0.0,0.0,0.0,0.0,0.5349872742556498
792,0.0,0.0,0.0,0.0,-2.220446049250313e-16
793,0.0,0.0,0.0,0.0,-2.220446049250313e-16
794,0.0,0.0,0.0,0.0,-2.220446049250313e-16
795,0.0,0.0,0.0,0.0,0.0
796,0.1,0.023809523809523808,0.06943122193677727,0.0125,-4.440892098500626e-16
798,0.0,0.0,0.0,0.0,-4.440892098500626e-16
799,0.0,0.0,0.0,0.0,0.10983664057436625
800,0.0,0.0,0.0,0.0,-2.220446049250313e-16
801,0.0,0.0,0.0,0.0,-2.220446049250313e-16
802,0.0,0.0,0.0,0.0,0.3915667931253981
803,0.0,0.0,0.0,0.0,-2.220446049250313e-16
804,0.2,0.05405405405405406,0.13698471029831175,0.03428571428571429,0.4485108356835588
805,0.0,0.0,0.0,0.0,0.0
806,0.0,0.0,0.0,0.0,0.4742159148454229
807,0.2,0.08,0.23365080824310533,0.1,0.4599992839195904
808,0.0,0.0,0.0,0.0,-2.220446049250313e-16
809,0.0,0.0,0.0,0.0,0.0
810,0.0,0.0,0.0,0.0,-2.220446049250313e-16
811,0.0,0.0,0.0,0.0,0.0
812,0.0,0.0,0.0,0.0,-2.220446049250313e-16
813,0.0,0.0,0.0,0.0,0.39439679480734285
814,0.0,0.0,0.0,0.0,0.0
815,0.0,0.0,0.0,0.0,-2.220446049250313e-16
816,0.0,0.0,0.0,0.0,0.2293456331855748
817,0.1,0.125,0.07311683844390994,0.0125,0.28453074672876316
818,0.0,0.0,0.0,0.0,0.5004510391546096
819,0.0,0.0,0.0,0.0,0.46629545653381305
820,0.0,0.0,0.0,0.0,0.5351631199218206
821,0.0,0.0,0.0,0.0,-2.220446049250313e-16
823,0.1,0.03571428571428571,0.07336392209936005,0.014285714285714285,0.0
824,0.0,0.0,0.0,0.0,0.0
825,0.0,0.0,0.0,0.0,-2.220446049250313e-16
826,0.0,0.0,0.0,0.0,0.54014159486609
827,0.0,0.0,0.0,0.0,-2.220446049250313e-16
828,0.0,0.0,0.0,0.0,-2.220446049250313e-16
829,0.0,0.0,0.0,0.0,0.5101635886116132
830,0.0,0.0,0.0,0.0,0.5092328181385345
831,0.0,0.0,0.0,0.0,-2.220446049250313e-16
833,0.0,0.0,0.0,0.0,0.45880831798928895
834,0.1,0.1,0.07336392209936005,0.014285714285714285,0.5855878761291251
835,0.0,0.0,0.0,0.0,-2.220446049250313e-16
836,0.0,0.0,0.0,0.0,0.5789029246150931
837,0.0,0.0,0.0,0.0,0.0
838,0.0,0.0,0.0,0.0,0.0
839,0.0,0.0,0.0,0.0,-2.220446049250313e-16
840,0.0,0.0,0.0,0.0,-2.220446049250313e-16
841,0.0,0.0,0.0,0.0,0.13343264784278247
842,0.0,0.0,0.0,0.0,0.439831889761923
843,0.1,0.125,0.09785159463516042,0.025,0.4716436248137248
844,0.0,0.0,0.0,0.0,-4.440892098500626e-16
845,0.1,0.3333333333333333,0.15642624200758548,0.047619047619047616,0.10983664057436625
846,0.1,0.02,0.06943122193677727,0.0125,0.16113685495629712
847,0.0,0.0,0.0,0.0,-2.220446049250313e-16
848,0.1,0.034482758620689655,0.11004588314904008,0.03333333333333333,0.3310120224662783
849,0.0,0.0,0.0,0.0,0.05196747076569576
850,0.0,0.0,0.0,0.0,0.37015915833829044
851,0.0,0.0,0.0,0.0,-2.220446049250313e-16
852,0.0,0.0,0.0,0.0,0.523197533299946
853,0.0,0.0,0.0,0.0,0.0
854,0.0,0.0,0.0,0.0,0.3921280625579947
855,0.0,0.0,0.0,0.0,0.26408027767919606
856,0.0,0.0,0.0,0.0,-2.220446049250313e-16
857,0.0,0.0,0.0,0.0,-2.220446049250313e-16
858,0.0,0.0,0.0,0.0,0.3104090303133906
859,0.0,0.0,0.0,0.0,0.0
860,0.0,0.0,0.0,0.0,0.0680950224265309
861,0.0,0.0,0.0,0.0,0.0
862,0.1,0.03225806451612903,0.09478836436955078,0.025,0.5404367312708108
863,0.0,0.0,0.0,0.0,-2.220446049250313e-16
864,0.0,0.0,0.0,0.0,-2.220446049250313e-16
865,0.0,0.0,0.0,0.0,0.4412292074683703
866,0.0,0.0,0.0,0.0,0.0
867,0.0,0.0,0.0,0.0,-2.220446049250313e-16
868,0.0,0.0,0.0,0.0,-2.220446049250313e-16
869,0.0,0.0,0.0,0.0,-2.220446049250313e-16
870,0.0,0.0,0.0,0.0,-2.220446049250313e-16
871,0.0,0.0,0.0,0.0,0.5956502150238048
872,0.0,0.0,0.0,0.0,0.0787300303737826
873,0.0,0.0,0.0,0.0,0.30814156928788794
874,0.0,0.0,0.0,0.0,0.18579364230663206
875,0.0,0.0,0.0,0.0,-2.220446049250313e-16
876,0.0,0.0,0.0,0.0,0.22423188493068105
877,0.0,0.0,0.0,0.0,0.0
878,0.0,0.0,0.0,0.0,0.0680950224265309
879,0.0,0.0,0.0,0.0,-2.220446049250313e-16
880,0.1,0.03225806451612903,0.11004588314904008,0.03333333333333333,0.09080105488691956
881,0.2,0.08695652173913043,0.30523488393970116,0.13999999999999999,0.11397817484451606
882,0.1,0.058823529411764705,0.07839826897867533,0.016666666666666666,0.6564299403160473
883,0.0,0.0,0.0,0.0,-2.220446049250313e-16
884,0.0,0.0,0.0,0.0,0.0
885,0.0,0.0,0.0,0.0,0.5037201927056297
886,0.0,0.0,0.0,0.0,-2.220446049250313e-16
887,0.0,0.0,0.0,0.0,-2.220446049250313e-16
888,0.0,0.0,0.0,0.0,-4.440892098500626e-16
889,0.0,0.0,0.0,0.0,-2.220446049250313e-16
890,0.1,0.058823529411764705,0.22009176629808017,0.1,0.7820579219358286
891,0.0,0.0,0.0,0.0,-2.220446049250313e-16
892,0.0,0.0,0.0,0.0,-2.220446049250313e-16
893,0.0,0.0,0.0,0.0,0.5185506953532598
894,0.0,0.0,0.0,0.0,-2.220446049250313e-16
895,0.0,0.0,0.0,0.0,0.0
896,0.0,0.0,0.0,0.0,-4.440892098500626e-16
897,0.1,0.037037037037037035,0.13886244387355454,0.05,0.49472322864954255
898,0.0,0.0,0.0,0.0,0.0
899,0.0,0.0,0.0,0.0,0.0680950224265309
900,0.0,0.0,0.0,0.0,0.3621033806129396
901,0.0,0.0,0.0,0.0,-4.440892098500626e-16
902,0.0,0.0,0.0,0.0,0.17300382778015028
903,0.0,0.0,0.0,0.0,-2.220446049250313e-16
904,0.0,0.0,0.0,0.0,-4.440892098500626e-16
905,0.0,0.0,0.0,0.0,0.1191763845390819
906,0.0,0.0,0.0,0.0,0.0
907,0.0,0.0,0.0,0.0,-4.440892098500626e-16
908,0.0,0.0,0.0,0.0,0.0
909,0.0,0.0,0.0,0.0,0.0680950224265309
910,0.1,0.07142857142857142,0.07336392209936005,0.014285714285714285,0.669364223197094
911,0.0,0.0,0.0,0.0,0.3366879261602292
912,0.0,0.0,0.0,0.0,0.7475521605964978
913,0.0,0.0,0.0,0.0,-2.220446049250313e-16
914,0.0,0.0,0.0,0.0,0.0
915,0.0,0.0,0.0,0.0,0.4219362969948897
916,0.0,0.0,0.0,0.0,-2.220446049250313e-16
917,0.0,0.0,0.0,0.0,0.0680950224265309
918,0.0,0.0,0.0,0.0,-2.220446049250313e-16
919,0.0,0.0,0.0,0.0,-2.220446049250313e-16
920,0.0,0.0,0.0,0.0,0.24040765811259743
921,0.0,0.0,0.0,0.0,-4.440892098500626e-16
922,0.0,0.0,0.0,0.0,0.544243436243438
923,0.0,0.0,0.0,0.0,-2.220446049250313e-16
924,0.0,0.0,0.0,0.0,-2.220446049250313e-16
925,0.0,0.0,0.0,0.0,0.30096910307357805
926,0.0,0.0,0.0,0.0,0.12397779476295703
927,0.0,0.0,0.0,0.0,0.34955907101874906
928,0.0,0.0,0.0,0.0,0.0680950224265309
929,0.0,0.0,0.0,0.0,0.6241459346214409
930,0.0,0.0,0.0,0.0,-2.220446049250313e-16
931,0.0,0.0,0.0,0.0,-2.220446049250313e-16
932,0.0,0.0,0.0,0.0,0.0993984203500526
933,0.0,0.0,0.0,0.0,-2.220446049250313e-16
934,0.1,0.03571428571428571,0.08514311764162098,0.02,0.1746453474652005
935,0.0,0.0,0.0,0.0,0.05196747076569576
936,0.0,0.0,0.0,0.0,-2.220446049250313e-16
937,0.0,0.0,0.0,0.0,-2.220446049250313e-16
938,0.0,0.0,0.0,0.0,0.0
939,0.0,0.0,0.0,0.0,-4.440892098500626e-16
940,0.0,0.0,0.0,0.0,0.1746453474652005
941,0.0,0.0,0.0,0.0,0.3004951525099736
942,0.0,0.0,0.0,0.0,-2.220446049250313e-16
943,0.0,0.0,0.0,0.0,0.3259839176497123
