observed_ratings,stage,user_id,precision@10,recall@10,ndcg@10,ap@10
0,popularity,7,0.7,0.025547445255474453,0.750637296052051,0.5747619047619048
0,popularity,21,0.3,0.0625,0.31833954895937183,0.15416666666666665
0,popularity,28,0.4,0.08,0.5423640154200349,0.3571428571428571
0,popularity,31,0.0,0.0,0.0,0.0
0,popularity,33,0.3,0.1875,0.27848058942730364,0.11190476190476191
0,popularity,35,0.1,0.125,0.0761433407173835,0.013888888888888888
0,popularity,50,0.1,0.07142857142857142,0.07336392209936005,0.014285714285714285
0,popularity,53,0.5,0.25,0.6274092458891772,0.45
0,popularity,54,0.7,0.16666666666666666,0.7702043899253147,0.6164285714285714
0,popularity,62,0.5,0.043859649122807015,0.6274092458891772,0.45
0,popularity,65,0.3,0.05,0.36885567213865283,0.16999999999999998
0,popularity,67,0.1,0.05263157894736842,0.06362078819895171,0.01
0,popularity,69,0.5,0.1282051282051282,0.6371523797895856,0.4714285714285714
0,popularity,71,0.2,0.08333333333333333,0.1884441521277154,0.06666666666666667
0,popularity,72,0.2,0.019417475728155338,0.17947710508581735,0.05833333333333333
0,popularity,80,0.1,0.058823529411764705,0.11004588314904008,0.03333333333333333
0,popularity,81,0.2,0.07692307692307693,0.13305201013572898,0.0325
0,popularity,83,0.3,0.033707865168539325,0.22784037450527975,0.08
0,popularity,97,0.2,0.041666666666666664,0.28952298823485745,0.125
0,popularity,98,0.0,0.0,0.0,0.0
0,popularity,99,0.8,0.10256410256410256,0.857980942822373,0.7621031746031746
0,popularity,107,0.1,0.125,0.15958907712489634,0.0625
0,popularity,111,0.2,0.14285714285714285,0.21726071285222986,0.08333333333333333
0,popularity,114,0.1,0.043478260869565216,0.11004588314904008,0.03333333333333333
0,popularity,118,0.3,0.045454545454545456,0.3222722491219547,0.1595238095238095
0,popularity,121,0.5,0.11363636363636363,0.5795003533950692,0.38416666666666666
0,popularity,124,0.0,0.0,0.0,0.0
0,popularity,130,0.9,0.03501945525291829,0.8899541168509599,0.7904365079365079
0,popularity,133,0.1,0.1,0.13886244387355454,0.05
0,popularity,140,0.1,0.1111111111111111,0.08372491399919346,0.018518518518518517
0,popularity,141,0.8,0.12698412698412698,0.8572048559638628,0.7577777777777778
0,popularity,149,0.1,0.09090909090909091,0.07839826897867533,0.016666666666666666
0,popularity,152,0.3,0.03409090909090909,0.22716217481924803,0.08333333333333333
0,popularity,155,0.1,0.3333333333333333,0.16716045496620227,0.05555555555555555
0,popularity,169,0.4,0.16666666666666666,0.5199967979955745,0.3194444444444445
0,popularity,176,0.3,0.07692307692307693,0.4690000933206748,0.3
0,popularity,187,0.1,0.022727272727272728,0.06625422345438903,0.01111111111111111
0,popularity,190,0.3,0.1111111111111111,0.24966402870278917,0.09523809523809523
0,popularity,201,0.3,0.021739130434782608,0.40350157154648025,0.2095238095238095
0,popularity,209,0.3,0.2,0.3843113526044082,0.1875
0,popularity,212,0.1,0.05555555555555555,0.07839826897867533,0.016666666666666666
0,popularity,217,0.1,0.03333333333333333,0.06625422345438903,0.01111111111111111
0,popularity,223,0.2,0.047619047619047616,0.15457433957839825,0.045
0,popularity,237,0.1,0.023809523809523808,0.11004588314904008,0.03333333333333333
0,popularity,242,0.2,0.11764705882352941,0.15457433957839825,0.045
0,popularity,245,0.4,0.36363636363636365,0.5199967979955745,0.3194444444444445
0,popularity,252,0.4,0.21052631578947367,0.3241295975188817,0.14861111111111108
0,popularity,260,0.0,0.0,0.0,0.0
0,popularity,264,0.2,0.021052631578947368,0.18340980524840012,0.06190476190476191
0,popularity,267,0.3,0.024,0.424926013816671,0.24166666666666664
0,popularity,271,0.4,0.024844720496894408,0.5033242827953464,0.3083333333333333
0,popularity,279,0.2,0.009569377990430622,0.1736666713479918,0.05333333333333333
0,popularity,282,0.3,0.25,0.2973694836145356,0.13285714285714284
0,popularity,284,0.2,0.08695652173913043,0.21726071285222986,0.08333333333333333
0,popularity,290,0.4,0.06153846153846154,0.44793214080335986,0.22749999999999998
0,popularity,292,0.5,0.04950495049504951,0.5606114592078373,0.3472222222222222
0,popularity,296,0.7,0.058823529411764705,0.77523873680463,0.6283333333333333
0,popularity,301,0.9,0.054878048780487805,0.9216017310213247,0.8521031746031745
0,popularity,305,0.5,0.04807692307692308,0.6015720654566381,0.4041666666666666
0,popularity,307,0.4,0.057971014492753624,0.5231737964779628,0.325
0,popularity,310,0.2,0.14285714285714285,0.31488013066763093,0.15
0,popularity,319,0.0,0.0,0.0,0.0
0,popularity,322,0.2,0.04878048780487805,0.3589542101716347,0.2
0,popularity,324,0.7,0.12280701754385964,0.7315449642824575,0.5508730158730158
0,popularity,328,0.7,0.056,0.7720617383222417,0.62
0,popularity,332,0.8,0.05673758865248227,0.8115558478722846,0.6592063492063491
0,popularity,339,0.5,0.026737967914438502,0.5727555047321237,0.3708333333333333
0,popularity,343,0.5,0.028409090909090908,0.6168295842361274,0.4291666666666666
0,popularity,344,0.3,0.026785714285714284,0.40350157154648025,0.2095238095238095
0,popularity,349,0.1,0.058823529411764705,0.11004588314904008,0.03333333333333333
0,popularity,352,0.3,0.1111111111111111,0.424926013816671,0.24166666666666664
0,popularity,355,0.3,0.125,0.2180164145324244,0.07857142857142856
0,popularity,361,0.3,0.037037037037037035,0.40853591842579556,0.21666666666666665
0,popularity,362,0.3,0.23076923076923078,0.27848058942730364,0.11190476190476191
0,popularity,363,0.4,0.031746031746031744,0.49828993591603105,0.2988095238095238
0,popularity,369,0.2,0.13333333333333333,0.31488013066763093,0.15
0,popularity,371,0.2,0.05,0.28952298823485745,0.125
0,popularity,372,0.2,0.03389830508474576,0.15176219107803537,0.04523809523809523
0,popularity,378,0.8,0.045454545454545456,0.841492960259019,0.716111111111111
0,popularity,380,0.5,0.07352941176470588,0.6168295842361274,0.4291666666666666
0,popularity,382,0.1,0.041666666666666664,0.11004588314904008,0.03333333333333333
0,popularity,386,0.1,0.08333333333333333,0.22009176629808017,0.1
0,popularity,390,0.6,0.2727272727272727,0.557780405761987,0.38749999999999996
0,popularity,393,0.5,0.025252525252525252,0.6025064803817581,0.40499999999999997
0,popularity,397,0.5,0.07246376811594203,0.5766882048947064,0.37976190476190474
0,popularity,402,0.6,0.1276595744680851,0.7116179486056782,0.5583333333333333
0,popularity,408,0.2,0.125,0.15850703974098102,0.04857142857142857
0,popularity,415,0.1,0.05,0.13886244387355454,0.05
0,popularity,421,0.2,0.046511627906976744,0.33013764944712026,0.16666666666666666
0,popularity,425,0.5,0.07462686567164178,0.5619107241149828,0.3488095238095238
0,popularity,431,0.3,0.3333333333333333,0.2454087053392529,0.0962962962962963
0,popularity,434,0.3,0.11538461538461539,0.20641593223508903,0.06928571428571428
0,popularity,437,0.3,0.019736842105263157,0.424926013816671,0.24166666666666664
0,popularity,456,0.2,0.017857142857142856,0.3589542101716347,0.2
0,popularity,460,0.2,0.0625,0.1884441521277154,0.06666666666666667
0,popularity,461,0.1,0.125,0.15958907712489634,0.0625
0,popularity,462,0.4,0.16666666666666666,0.34445239307233994,0.17063492063492064
0,popularity,464,0.5,0.11904761904761904,0.5837154733670049,0.3726984126984127
0,popularity,476,0.2,0.046511627906976744,0.13961814555374907,0.0365079365079365
0,popularity,484,0.7,0.06363636363636363,0.7381919257729245,0.5541666666666667
0,popularity,488,0.5,0.0625,0.6051399156371955,0.4105555555555555
0,popularity,490,0.2,0.1111111111111111,0.31488013066763093,0.15
0,popularity,491,0.3,0.13636363636363635,0.32730659600126993,0.16666666666666666
0,popularity,494,0.7,0.21875,0.7183424120903081,0.5416666666666667
0,popularity,495,0.5,0.034722222222222224,0.52129606290272,0.29285714285714287
0,popularity,501,0.4,0.08,0.34181895781690264,0.16619047619047617
0,popularity,502,0.1,0.07142857142857142,0.07336392209936005,0.014285714285714285
0,popularity,521,0.3,0.0625,0.4537425745411855,0.275
0,popularity,524,0.3,0.01744186046511628,0.40853591842579556,0.21666666666666665
0,popularity,530,0.2,0.06060606060606061,0.33013764944712026,0.16666666666666666
0,popularity,536,0.4,0.03669724770642202,0.44793214080335986,0.22749999999999998
0,popularity,537,0.3,0.022900763358778626,0.4690000933206748,0.3
0,popularity,544,0.2,0.2857142857142857,0.18065894665528784,0.055555555555555546
0,popularity,548,0.7,0.06862745098039216,0.7630946912803436,0.5991666666666667
0,popularity,550,0.6,0.24,0.6569815082938864,0.4476984126984126
0,popularity,551,0.7,0.03017241379310345,0.6156886473955918,0.4514285714285714
0,popularity,554,0.4,0.06451612903225806,0.456899187845258,0.24
0,popularity,556,0.2,0.05714285714285714,0.15176219107803537,0.04523809523809523
0,popularity,561,0.2,0.017241379310344827,0.1884441521277154,0.06666666666666667
0,popularity,566,0.1,0.012048192771084338,0.11004588314904008,0.03333333333333333
0,popularity,567,0.0,0.0,0.0,0.0
0,popularity,568,0.1,0.022727272727272728,0.11004588314904008,0.03333333333333333
0,popularity,574,0.4,0.15384615384615385,0.3885264725763437,0.20396825396825397
0,popularity,576,0.4,0.21052631578947367,0.49435723575344825,0.29166666666666663
0,popularity,578,0.1,0.2,0.10209739512291163,0.02222222222222222
0,popularity,580,0.7,0.30434782608695654,0.7542686714597936,0.5940476190476189
0,popularity,589,0.3,0.125,0.22476126319537007,0.0819047619047619
0,popularity,595,0.4,0.1,0.5637884576902256,0.4
0,popularity,596,0.6,0.5454545454545454,0.6180396628416763,0.4147619047619048
0,popularity,599,0.3,0.08823529411764706,0.22793826167775827,0.08607142857142858
0,popularity,600,0.2,0.04081632653061224,0.31488013066763093,0.15
0,popularity,601,0.4,0.05405405405405406,0.5637884576902256,0.4
0,popularity,603,0.4,0.12121212121212122,0.5100691314582919,0.32166666666666666
0,popularity,617,0.1,0.027777777777777776,0.11004588314904008,0.03333333333333333
0,popularity,634,0.6,0.0967741935483871,0.696162268139923,0.5233333333333332
0,popularity,638,0.3,0.08571428571428572,0.37850091886658266,0.18
0,popularity,639,0.1,0.0196078431372549,0.07839826897867533,0.016666666666666666
0,popularity,640,0.0,0.0,0.0,0.0
0,popularity,643,0.5,0.03875968992248062,0.5365535816822092,0.3095238095238095
0,popularity,645,0.3,0.033707865168539325,0.3932783996463063,0.2
0,popularity,646,0.0,0.0,0.0,0.0
0,popularity,647,0.2,0.047619047619047616,0.12987501165334076,0.03111111111111111
0,popularity,659,0.3,0.023622047244094488,0.28762634971412726,0.12
0,popularity,662,0.1,0.06666666666666667,0.11004588314904008,0.03333333333333333
0,popularity,663,0.7,0.08433734939759036,0.6975961695061491,0.4979761904761905
0,popularity,666,0.3,0.020833333333333332,0.32730659600126993,0.16666666666666666
0,popularity,667,0.0,0.0,0.0,0.0
0,popularity,668,0.4,0.15384615384615385,0.43810818083050457,0.22063492063492066
0,popularity,669,0.4,0.0851063829787234,0.4505655760587972,0.23194444444444445
0,popularity,672,0.0,0.0,0.0,0.0
0,popularity,675,0.1,0.043478260869565216,0.07839826897867533,0.016666666666666666
0,popularity,681,0.2,0.18181818181818182,0.1635413866202963,0.05333333333333333
0,popularity,689,0.5,0.21739130434782608,0.5836175861945262,0.36944444444444446
0,popularity,691,0.3,0.11538461538461539,0.3746661058764784,0.1775
0,popularity,694,0.5,0.037037037037037035,0.5548010254700116,0.3361111111111111
0,popularity,699,0.2,0.046511627906976744,0.2489083270225946,0.11666666666666665
0,popularity,703,0.8,0.2962962962962963,0.8364586133797037,0.7042063492063492
0,popularity,704,0.3,0.05660377358490566,0.40853591842579556,0.21666666666666665
0,popularity,707,0.2,0.01680672268907563,0.1884441521277154,0.06666666666666667
0,popularity,709,0.5,0.06756756756756757,0.52129606290272,0.29285714285714287
0,popularity,711,0.4,0.025806451612903226,0.5321408435198608,0.3416666666666667
0,popularity,734,0.3,0.06818181818181818,0.3570764765963919,0.15857142857142856
0,popularity,737,0.2,0.08,0.2489083270225946,0.11666666666666665
0,popularity,741,0.3,0.058823529411764705,0.388244052766991,0.19285714285714287
0,popularity,742,0.4,0.2857142857142857,0.5384313152574521,0.35
0,popularity,743,0.3,0.15,0.31516255047698366,0.14999999999999997
0,popularity,753,0.2,0.05555555555555555,0.30523488393970116,0.13999999999999999
0,popularity,757,0.4,0.0547945205479452,0.501749354207772,0.2928571428571428
0,popularity,759,0.7,0.28,0.7381919257729245,0.5541666666666667
0,popularity,766,0.2,0.029850746268656716,0.31488013066763093,0.15
0,popularity,775,0.3,0.16666666666666666,0.2835149363066189,0.11666666666666665
0,popularity,781,0.3,0.10714285714285714,0.424926013816671,0.24166666666666664
0,popularity,798,0.5,0.05154639175257732,0.5867945846769145,0.375
0,popularity,802,0.3,0.075,0.29025978496956456,0.12333333333333334
0,popularity,813,0.1,0.1,0.06625422345438903,0.01111111111111111
0,popularity,815,0.4,0.03571428571428571,0.5231737964779628,0.325
0,popularity,819,0.2,0.08333333333333333,0.14465249243306436,0.03888888888888888
0,popularity,823,0.5,0.03597122302158273,0.5727555047321237,0.3708333333333333
0,popularity,831,0.5,0.125,0.5795003533950692,0.38416666666666666
0,popularity,837,0.3,0.15789473684210525,0.30240383049385083,0.13999999999999999
0,popularity,859,0.1,0.038461538461538464,0.07336392209936005,0.014285714285714285
0,popularity,867,0.4,0.0547945205479452,0.46270962158308354,0.25
0,popularity,869,0.2,0.11764705882352941,0.33013764944712026,0.16666666666666666
0,popularity,874,0.2,0.08695652173913043,0.1884441521277154,0.06666666666666667
0,popularity,882,0.5,0.049019607843137254,0.5330752584449808,0.31
0,popularity,892,0.7,0.04093567251461988,0.6975961695061491,0.4979761904761905
0,popularity,894,0.6,0.041666666666666664,0.6830838076905166,0.4958333333333333
0,popularity,897,0.4,0.03305785123966942,0.42650769853316917,0.20607142857142854
0,popularity,898,0.1,0.0625,0.07336392209936005,0.014285714285714285
0,popularity,899,0.3,0.037037037037037035,0.42257499837058643,0.22999999999999998
0,popularity,901,0.4,0.047619047619047616,0.44793214080335986,0.22749999999999998
0,popularity,905,0.2,0.125,0.17630010660342912,0.05555555555555556
0,popularity,908,0.3,0.075,0.40350157154648025,0.2095238095238095
0,popularity,911,0.0,0.0,0.0,0.0
0,popularity,916,0.5,0.036231884057971016,0.5727555047321237,0.3708333333333333
0,popularity,918,0.0,0.0,0.0,0.0
0,popularity,930,0.2,0.09090909090909091,0.12987501165334076,0.03111111111111111
0,popularity,938,0.7,0.14893617021276595,0.7702043899253147,0.6164285714285714
0,popularity,939,0.2,0.05128205128205128,0.20248323207250624,0.06999999999999999
0,popularity,943,0.3,0.03125,0.424926013816671,0.24166666666666664
1,content,7,0.0,0.0,0.0,0.0
1,content,21,0.1,0.02127659574468085,0.22009176629808017,0.1
1,content,28,0.0,0.0,0.0,0.0
1,content,31,0.2,0.08,0.18340980524840012,0.06190476190476191
1,content,33,0.0,0.0,0.0,0.0
1,content,35,0.0,0.0,0.0,0.0
1,content,50,0.0,0.0,0.0,0.0
1,content,53,0.0,0.0,0.0,0.0
1,content,54,0.0,0.0,0.0,0.0
1,content,62,0.3,0.02654867256637168,0.35970991185182927,0.16190476190476188
1,content,65,0.1,0.016666666666666666,0.13886244387355454,0.05
1,content,67,0.0,0.0,0.0,0.0
1,content,69,0.1,0.02631578947368421,0.22009176629808017,0.1
1,content,71,0.0,0.0,0.0,0.0
1,content,72,0.0,0.0,0.0,0.0
1,content,80,0.0,0.0,0.0,0.0
1,content,81,0.1,0.038461538461538464,0.08514311764162098,0.02
1,content,83,0.0,0.0,0.0,0.0
1,content,97,0.1,0.02127659574468085,0.08514311764162098,0.02
1,content,98,0.0,0.0,0.0,0.0
1,content,99,0.0,0.0,0.0,0.0
1,content,107,0.0,0.0,0.0,0.0
1,content,111,0.0,0.0,0.0,0.0
1,content,114,0.0,0.0,0.0,0.0
1,content,118,0.0,0.0,0.0,0.0
1,content,121,0.0,0.0,0.0,0.0
1,content,124,0.0,0.0,0.0,0.0
1,content,130,0.1,0.00390625,0.11004588314904008,0.03333333333333333
1,content,133,0.0,0.0,0.0,0.0
1,content,140,0.0,0.0,0.0,0.0
1,content,141,0.0,0.0,0.0,0.0
1,content,149,0.0,0.0,0.0,0.0
1,content,152,0.4,0.04597701149425287,0.4721567066247473,0.25666666666666665
1,content,155,0.0,0.0,0.0,0.0
1,content,169,0.0,0.0,0.0,0.0
1,content,176,0.2,0.05263157894736842,0.3589542101716347,0.2
1,content,187,0.0,0.0,0.0,0.0
1,content,190,0.0,0.0,0.0,0.0
1,content,201,0.0,0.0,0.0,0.0
1,content,209,0.0,0.0,0.0,0.0
1,content,212,0.1,0.058823529411764705,0.22009176629808017,0.1
1,content,217,0.3,0.1,0.36288691033421744,0.16607142857142856
1,content,223,0.1,0.023809523809523808,0.11004588314904008,0.03333333333333333
1,content,237,0.1,0.023809523809523808,0.06362078819895171,0.01
1,content,242,0.0,0.0,0.0,0.0
1,content,245,0.0,0.0,0.0,0.0
1,content,252,0.0,0.0,0.0,0.0
1,content,260,0.1,0.058823529411764705,0.07839826897867533,0.016666666666666666
1,content,264,0.0,0.0,0.0,0.0
1,content,267,0.1,0.008,0.09478836436955078,0.025
1,content,271,0.0,0.0,0.0,0.0
1,content,279,0.0,0.0,0.0,0.0
1,content,282,0.0,0.0,0.0,0.0
1,content,284,0.0,0.0,0.0,0.0
1,content,290,0.0,0.0,0.0,0.0
1,content,292,0.0,0.0,0.0,0.0
1,content,296,0.0,0.0,0.0,0.0
1,content,301,0.3,0.018404907975460124,0.28165758790969186,0.11607142857142856
1,content,305,0.0,0.0,0.0,0.0
1,content,307,0.3,0.04411764705882353,0.199306233590118,0.06472222222222221
1,content,310,0.0,0.0,0.0,0.0
1,content,319,0.0,0.0,0.0,0.0
1,content,322,0.0,0.0,0.0,0.0
1,content,324,0.0,0.0,0.0,0.0
1,content,328,0.1,0.008064516129032258,0.22009176629808017,0.1
1,content,332,0.2,0.014285714285714285,0.14201905717762703,0.03666666666666667
1,content,339,0.1,0.0053475935828877,0.09478836436955078,0.025
1,content,343,0.3,0.017142857142857144,0.35970991185182927,0.16190476190476188
1,content,344,0.0,0.0,0.0,0.0
1,content,349,0.0,0.0,0.0,0.0
1,content,352,0.0,0.0,0.0,0.0
1,content,355,0.0,0.0,0.0,0.0
1,content,361,0.0,0.0,0.0,0.0
1,content,362,0.0,0.0,0.0,0.0
1,content,363,0.1,0.008,0.13886244387355454,0.05
1,content,369,0.0,0.0,0.0,0.0
1,content,371,0.1,0.02564102564102564,0.08514311764162098,0.02
1,content,372,0.0,0.0,0.0,0.0
1,content,378,0.2,0.011428571428571429,0.15176219107803537,0.04523809523809523
1,content,380,0.0,0.0,0.0,0.0
1,content,382,0.0,0.0,0.0,0.0
1,content,386,0.0,0.0,0.0,0.0
1,content,390,0.0,0.0,0.0,0.0
1,content,393,0.5,0.025380710659898477,0.5769706247040591,0.36269841269841263
1,content,397,0.1,0.014492753623188406,0.06362078819895171,0.01
1,content,402,0.2,0.043478260869565216,0.2934556883974402,0.12857142857142856
1,content,408,0.0,0.0,0.0,0.0
1,content,415,0.0,0.0,0.0,0.0
1,content,421,0.0,0.0,0.0,0.0
1,content,425,0.2,0.029850746268656716,0.13961814555374907,0.0365079365079365
1,content,431,0.0,0.0,0.0,0.0
1,content,434,0.0,0.0,0.0,0.0
1,content,437,0.1,0.006578947368421052,0.06362078819895171,0.01
1,content,456,0.2,0.018018018018018018,0.1487639058405727,0.04
1,content,460,0.0,0.0,0.0,0.0
1,content,461,0.0,0.0,0.0,0.0
1,content,462,0.0,0.0,0.0,0.0
1,content,464,0.1,0.024390243902439025,0.07839826897867533,0.016666666666666666
1,content,476,0.0,0.0,0.0,0.0
1,content,484,0.1,0.009174311926605505,0.06362078819895171,0.01
1,content,488,0.2,0.025,0.1635413866202963,0.05333333333333333
1,content,490,0.0,0.0,0.0,0.0
1,content,491,0.0,0.0,0.0,0.0
1,content,494,0.0,0.0,0.0,0.0
1,content,495,0.1,0.006993006993006993,0.07839826897867533,0.016666666666666666
1,content,501,0.1,0.02,0.07839826897867533,0.016666666666666666
1,content,502,0.0,0.0,0.0,0.0
1,content,521,0.1,0.02127659574468085,0.22009176629808017,0.1
1,content,524,0.0,0.0,0.0,0.0
1,content,530,0.1,0.03125,0.13886244387355454,0.05
1,content,536,0.5,0.045871559633027525,0.47938213678331176,0.2972222222222222
1,content,537,0.1,0.007692307692307693,0.22009176629808017,0.1
1,content,544,0.0,0.0,0.0,0.0
1,content,548,0.1,0.00980392156862745,0.22009176629808017,0.1
1,content,550,0.4,0.16666666666666666,0.4631896595828492,0.24416666666666664
1,content,551,0.2,0.008658008658008658,0.30523488393970116,0.13999999999999999
1,content,554,0.0,0.0,0.0,0.0
1,content,556,0.0,0.0,0.0,0.0
1,content,561,0.0,0.0,0.0,0.0
1,content,566,0.0,0.0,0.0,0.0
1,content,567,0.2,0.017543859649122806,0.33013764944712026,0.16666666666666666
1,content,568,0.0,0.0,0.0,0.0
1,content,574,0.0,0.0,0.0,0.0
1,content,576,0.0,0.0,0.0,0.0
1,content,578,0.0,0.0,0.0,0.0
1,content,580,0.1,0.045454545454545456,0.06625422345438903,0.01111111111111111
1,content,589,0.0,0.0,0.0,0.0
1,content,595,0.1,0.02564102564102564,0.22009176629808017,0.1
1,content,596,0.0,0.0,0.0,0.0
1,content,599,0.0,0.0,0.0,0.0
1,content,600,0.0,0.0,0.0,0.0
1,content,601,0.2,0.0273972602739726,0.13961814555374907,0.0365079365079365
1,content,603,0.3,0.09375,0.4440973278132557,0.26
1,content,617,0.0,0.0,0.0,0.0
1,content,634,0.2,0.03278688524590164,0.20248323207250624,0.06999999999999999
1,content,638,0.4,0.11764705882352941,0.4959389204699464,0.2828571428571428
1,content,639,0.0,0.0,0.0,0.0
1,content,640,0.1,0.011235955056179775,0.09478836436955078,0.025
1,content,643,0.5,0.0390625,0.44903378752009243,0.2571428571428571
1,content,645,0.0,0.0,0.0,0.0
1,content,646,0.0,0.0,0.0,0.0
1,content,647,0.0,0.0,0.0,0.0
1,content,659,0.1,0.007874015748031496,0.08514311764162098,0.02
1,content,662,0.0,0.0,0.0,0.0
1,content,663,0.1,0.012195121951219513,0.22009176629808017,0.1
1,content,666,0.0,0.0,0.0,0.0
1,content,667,0.1,0.03225806451612903,0.06625422345438903,0.01111111111111111
1,content,668,0.0,0.0,0.0,0.0
1,content,669,0.0,0.0,0.0,0.0
1,content,672,0.0,0.0,0.0,0.0
1,content,675,0.0,0.0,0.0,0.0
1,content,681,0.0,0.0,0.0,0.0
1,content,689,0.1,0.045454545454545456,0.08514311764162098,0.02
1,content,691,0.0,0.0,0.0,0.0
1,content,694,0.0,0.0,0.0,0.0
1,content,699,0.0,0.0,0.0,0.0
1,content,703,0.2,0.07692307692307693,0.2934556883974402,0.12857142857142856
1,content,704,0.0,0.0,0.0,0.0
1,content,707,0.1,0.008403361344537815,0.22009176629808017,0.1
1,content,709,0.2,0.0273972602739726,0.2051166673279436,0.07222222222222222
1,content,711,0.0,0.0,0.0,0.0
1,content,734,0.0,0.0,0.0,0.0
1,content,737,0.0,0.0,0.0,0.0
1,content,741,0.0,0.0,0.0,0.0
1,content,742,0.0,0.0,0.0,0.0
1,content,743,0.0,0.0,0.0,0.0
1,content,753,0.1,0.02857142857142857,0.22009176629808017,0.1
1,content,757,0.0,0.0,0.0,0.0
1,content,759,0.1,0.041666666666666664,0.07336392209936005,0.014285714285714285
1,content,766,0.0,0.0,0.0,0.0
1,content,775,0.0,0.0,0.0,0.0
1,content,781,0.1,0.03571428571428571,0.06362078819895171,0.01
1,content,798,0.2,0.020833333333333332,0.21726071285222986,0.08333333333333333
1,content,802,0.1,0.02564102564102564,0.22009176629808017,0.1
1,content,813,0.0,0.0,0.0,0.0
1,content,815,0.1,0.009009009009009009,0.06362078819895171,0.01
1,content,819,0.0,0.0,0.0,0.0
1,content,823,0.2,0.014492753623188406,0.18340980524840012,0.06190476190476191
1,content,831,0.0,0.0,0.0,0.0
1,content,837,0.0,0.0,0.0,0.0
1,content,859,0.2,0.08,0.1681522864689108,0.05357142857142857
1,content,867,0.1,0.013888888888888888,0.06362078819895171,0.01
1,content,869,0.0,0.0,0.0,0.0
1,content,874,0.0,0.0,0.0,0.0
1,content,882,0.0,0.0,0.0,0.0
1,content,892,0.1,0.0058823529411764705,0.06943122193677727,0.0125
1,content,894,0.0,0.0,0.0,0.0
1,content,897,0.0,0.0,0.0,0.0
1,content,898,0.1,0.06666666666666667,0.22009176629808017,0.1
1,content,899,0.3,0.0375,0.2687374555268953,0.10222222222222221
1,content,901,0.1,0.012048192771084338,0.11004588314904008,0.03333333333333333
1,content,905,0.1,0.0625,0.22009176629808017,0.1
1,content,908,0.1,0.025,0.06943122193677727,0.0125
1,content,911,0.0,0.0,0.0,0.0
1,content,916,0.5,0.0364963503649635,0.39486008436280445,0.2095238095238095
1,content,918,0.0,0.0,0.0,0.0
1,content,930,0.0,0.0,0.0,0.0
1,content,938,0.0,0.0,0.0,0.0
1,content,939,0.0,0.0,0.0,0.0
1,content,943,0.1,0.010526315789473684,0.09478836436955078,0.025
3,content,7,0.2,0.0072992700729927005,0.20483424751859086,0.08333333333333333
3,content,21,0.1,0.02127659574468085,0.22009176629808017,0.1
3,content,28,0.2,0.04081632653061224,0.2934556883974402,0.12857142857142856
3,content,31,0.2,0.08,0.18340980524840012,0.06190476190476191
3,content,33,0.0,0.0,0.0,0.0
3,content,35,0.0,0.0,0.0,0.0
3,content,50,0.0,0.0,0.0,0.0
3,content,53,0.0,0.0,0.0,0.0
3,content,54,0.0,0.0,0.0,0.0
3,content,62,0.3,0.02654867256637168,0.3647442587311445,0.16666666666666666
3,content,65,0.0,0.0,0.0,0.0
3,content,67,0.0,0.0,0.0,0.0
3,content,69,0.1,0.027777777777777776,0.22009176629808017,0.1
3,content,71,0.0,0.0,0.0,0.0
3,content,72,0.0,0.0,0.0,0.0
3,content,80,0.0,0.0,0.0,0.0
3,content,81,0.0,0.0,0.0,0.0
3,content,83,0.3,0.03409090909090909,0.23297260855707355,0.09083333333333334
3,content,97,0.0,0.0,0.0,0.0
3,content,98,0.0,0.0,0.0,0.0
3,content,99,0.0,0.0,0.0,0.0
3,content,107,0.0,0.0,0.0,0.0
3,content,111,0.0,0.0,0.0,0.0
3,content,114,0.0,0.0,0.0,0.0
3,content,118,0.2,0.031746031746031744,0.30523488393970116,0.13999999999999999
3,content,121,0.1,0.022727272727272728,0.11004588314904008,0.03333333333333333
3,content,124,0.0,0.0,0.0,0.0
3,content,130,0.1,0.003937007874015748,0.22009176629808017,0.1
3,content,133,0.0,0.0,0.0,0.0
3,content,140,0.0,0.0,0.0,0.0
3,content,141,0.1,0.016666666666666666,0.06625422345438903,0.01111111111111111
3,content,149,0.0,0.0,0.0,0.0
3,content,152,0.3,0.03488372093023256,0.3746661058764784,0.1775
3,content,155,0.0,0.0,0.0,0.0
3,content,169,0.0,0.0,0.0,0.0
3,content,176,0.2,0.05263157894736842,0.28952298823485745,0.125
3,content,187,0.0,0.0,0.0,0.0
3,content,190,0.0,0.0,0.0,0.0
3,content,201,0.1,0.007352941176470588,0.13886244387355454,0.05
3,content,209,0.1,0.07692307692307693,0.22009176629808017,0.1
3,content,212,0.1,0.0625,0.22009176629808017,0.1
3,content,217,0.3,0.10344827586206896,0.23944085680261515,0.09166666666666665
3,content,223,0.1,0.023809523809523808,0.08514311764162098,0.02
3,content,237,0.0,0.0,0.0,0.0
3,content,242,0.0,0.0,0.0,0.0
3,content,245,0.1,0.1,0.22009176629808017,0.1
3,content,252,0.0,0.0,0.0,0.0
3,content,260,0.0,0.0,0.0,0.0
3,content,264,0.1,0.010752688172043012,0.06625422345438903,0.01111111111111111
3,content,267,0.0,0.0,0.0,0.0
3,content,271,0.2,0.012578616352201259,0.16421958630632802,0.05
3,content,279,0.4,0.019230769230769232,0.32149616226344435,0.14416666666666664
3,content,282,0.0,0.0,0.0,0.0
3,content,284,0.0,0.0,0.0,0.0
3,content,290,0.0,0.0,0.0,0.0
3,content,292,0.2,0.02,0.13961814555374907,0.0365079365079365
3,content,296,0.0,0.0,0.0,0.0
3,content,301,0.2,0.012422360248447204,0.13961814555374907,0.0365079365079365
3,content,305,0.0,0.0,0.0,0.0
3,content,307,0.0,0.0,0.0,0.0
3,content,310,0.0,0.0,0.0,0.0
3,content,319,0.0,0.0,0.0,0.0
3,content,322,0.1,0.024390243902439025,0.13886244387355454,0.05
3,content,324,0.0,0.0,0.0,0.0
3,content,328,0.2,0.016129032258064516,0.28371255449703187,0.12
3,content,332,0.3,0.021739130434782608,0.31516255047698366,0.14999999999999997
3,content,339,0.2,0.010810810810810811,0.28371255449703187,0.12
3,content,343,0.2,0.011560693641618497,0.2934556883974402,0.12857142857142856
3,content,344,0.0,0.0,0.0,0.0
3,content,349,0.0,0.0,0.0,0.0
3,content,352,0.1,0.041666666666666664,0.22009176629808017,0.1
3,content,355,0.0,0.0,0.0,0.0
3,content,361,0.0,0.0,0.0,0.0
3,content,362,0.1,0.1,0.06362078819895171,0.01
3,content,363,0.2,0.016129032258064516,0.17947710508581735,0.05833333333333333
3,content,369,0.0,0.0,0.0,0.0
3,content,371,0.0,0.0,0.0,0.0
3,content,372,0.0,0.0,0.0,0.0
3,content,378,0.2,0.011428571428571429,0.15176219107803537,0.04523809523809523
3,content,380,0.1,0.015384615384615385,0.09478836436955078,0.025
3,content,382,0.0,0.0,0.0,0.0
3,content,386,0.0,0.0,0.0,0.0
3,content,390,0.0,0.0,0.0,0.0
3,content,393,0.0,0.0,0.0,0.0
3,content,397,0.0,0.0,0.0,0.0
3,content,402,0.1,0.022222222222222223,0.06362078819895171,0.01
3,content,408,0.0,0.0,0.0,0.0
3,content,415,0.0,0.0,0.0,0.0
3,content,421,0.0,0.0,0.0,0.0
3,content,425,0.0,0.0,0.0,0.0
3,content,431,0.0,0.0,0.0,0.0
3,content,434,0.0,0.0,0.0,0.0
3,content,437,0.0,0.0,0.0,0.0
3,content,456,0.1,0.009174311926605505,0.07839826897867533,0.016666666666666666
3,content,460,0.0,0.0,0.0,0.0
3,content,461,0.0,0.0,0.0,0.0
3,content,462,0.0,0.0,0.0,0.0
3,content,464,0.1,0.025,0.07839826897867533,0.016666666666666666
3,content,476,0.0,0.0,0.0,0.0
3,content,484,0.0,0.0,0.0,0.0
3,content,488,0.0,0.0,0.0,0.0
3,content,490,0.0,0.0,0.0,0.0
3,content,491,0.0,0.0,0.0,0.0
3,content,494,0.0,0.0,0.0,0.0
3,content,495,0.1,0.007042253521126761,0.08514311764162098,0.02
3,content,501,0.0,0.0,0.0,0.0
3,content,502,0.1,0.08333333333333333,0.22009176629808017,0.1
3,content,521,0.1,0.02127659574468085,0.22009176629808017,0.1
3,content,524,0.3,0.01775147928994083,0.2578753740644926,0.10416666666666666
3,content,530,0.1,0.03333333333333333,0.22009176629808017,0.1
3,content,536,0.2,0.01834862385321101,0.33013764944712026,0.16666666666666666
3,content,537,0.1,0.007751937984496124,0.22009176629808017,0.1
3,content,544,0.0,0.0,0.0,0.0
3,content,548,0.2,0.019801980198019802,0.1584091525685025,0.045
3,content,550,0.3,0.13636363636363635,0.3187939258847263,0.16
3,content,551,0.1,0.004347826086956522,0.07336392209936005,0.014285714285714285
3,content,554,0.0,0.0,0.0,0.0
3,content,556,0.0,0.0,0.0,0.0
3,content,561,0.1,0.008695652173913044,0.06943122193677727,0.0125
3,content,566,0.1,0.012195121951219513,0.11004588314904008,0.03333333333333333
3,content,567,0.1,0.008928571428571428,0.11004588314904008,0.03333333333333333
3,content,568,0.0,0.0,0.0,0.0
3,content,574,0.0,0.0,0.0,0.0
3,content,576,0.0,0.0,0.0,0.0
3,content,578,0.0,0.0,0.0,0.0
3,content,580,0.1,0.045454545454545456,0.06362078819895171,0.01
3,content,589,0.1,0.041666666666666664,0.07336392209936005,0.014285714285714285
3,content,595,0.2,0.05405405405405406,0.30523488393970116,0.13999999999999999
3,content,596,0.0,0.0,0.0,0.0
3,content,599,0.0,0.0,0.0,0.0
3,content,600,0.1,0.021739130434782608,0.11004588314904008,0.03333333333333333
3,content,601,0.2,0.027777777777777776,0.13698471029831175,0.03428571428571429
3,content,603,0.6,0.1935483870967742,0.6594803070902429,0.45809523809523806
3,content,617,0.0,0.0,0.0,0.0
3,content,634,0.2,0.03278688524590164,0.1584091525685025,0.045
3,content,638,0.3,0.09375,0.3187939258847263,0.16
3,content,639,0.0,0.0,0.0,0.0
3,content,640,0.0,0.0,0.0,0.0
3,content,643,0.1,0.007936507936507936,0.06362078819895171,0.01
3,content,645,0.0,0.0,0.0,0.0
3,content,646,0.0,0.0,0.0,0.0
3,content,647,0.0,0.0,0.0,0.0
3,content,659,0.0,0.0,0.0,0.0
3,content,662,0.0,0.0,0.0,0.0
3,content,663,0.1,0.012195121951219513,0.22009176629808017,0.1
3,content,666,0.0,0.0,0.0,0.0
3,content,667,0.1,0.03333333333333333,0.22009176629808017,0.1
3,content,668,0.0,0.0,0.0,0.0
3,content,669,0.0,0.0,0.0,0.0
3,content,672,0.0,0.0,0.0,0.0
3,content,675,0.0,0.0,0.0,0.0
3,content,681,0.0,0.0,0.0,0.0
3,content,689,0.1,0.047619047619047616,0.07839826897867533,0.016666666666666666
3,content,691,0.0,0.0,0.0,0.0
3,content,694,0.1,0.007575757575757576,0.06943122193677727,0.0125
3,content,699,0.0,0.0,0.0,0.0
3,content,703,0.0,0.0,0.0,0.0
3,content,704,0.0,0.0,0.0,0.0
3,content,707,0.2,0.01694915254237288,0.13698471029831175,0.03428571428571429
3,content,709,0.1,0.014084507042253521,0.13886244387355454,0.05
3,content,711,0.2,0.013071895424836602,0.28952298823485745,0.125
3,content,734,0.1,0.023809523809523808,0.06625422345438903,0.01111111111111111
3,content,737,0.0,0.0,0.0,0.0
3,content,741,0.0,0.0,0.0,0.0
3,content,742,0.0,0.0,0.0,0.0
3,content,743,0.0,0.0,0.0,0.0
3,content,753,0.0,0.0,0.0,0.0
3,content,757,0.3,0.04225352112676056,0.35970991185182927,0.16190476190476188
3,content,759,0.0,0.0,0.0,0.0
3,content,766,0.0,0.0,0.0,0.0
3,content,775,0.0,0.0,0.0,0.0
3,content,781,0.1,0.037037037037037035,0.06943122193677727,0.0125
3,content,798,0.2,0.020833333333333332,0.21726071285222986,0.08333333333333333
3,content,802,0.1,0.02631578947368421,0.22009176629808017,0.1
3,content,813,0.0,0.0,0.0,0.0
3,content,815,0.3,0.02727272727272727,0.4537425745411855,0.275
3,content,819,0.0,0.0,0.0,0.0
3,content,823,0.3,0.022058823529411766,0.24618570546556082,0.09833333333333334
3,content,831,0.0,0.0,0.0,0.0
3,content,837,0.0,0.0,0.0,0.0
3,content,859,0.2,0.08333333333333333,0.14465249243306436,0.03888888888888888
3,content,867,0.1,0.013888888888888888,0.06362078819895171,0.01
3,content,869,0.0,0.0,0.0,0.0
3,content,874,0.1,0.05,0.09478836436955078,0.025
3,content,882,0.0,0.0,0.0,0.0
3,content,892,0.1,0.005952380952380952,0.11004588314904008,0.03333333333333333
3,content,894,0.0,0.0,0.0,0.0
3,content,897,0.0,0.0,0.0,0.0
3,content,898,0.1,0.07142857142857142,0.13886244387355454,0.05
3,content,899,0.1,0.01282051282051282,0.06625422345438903,0.01111111111111111
3,content,901,0.1,0.012195121951219513,0.09478836436955078,0.025
3,content,905,0.0,0.0,0.0,0.0
3,content,908,0.0,0.0,0.0,0.0
3,content,911,0.1,0.015873015873015872,0.07336392209936005,0.014285714285714285
3,content,916,0.3,0.022058823529411766,0.37185395737611554,0.17619047619047618
3,content,918,0.0,0.0,0.0,0.0
3,content,930,0.0,0.0,0.0,0.0
3,content,938,0.1,0.022222222222222223,0.13886244387355454,0.05
3,content,939,0.0,0.0,0.0,0.0
3,content,943,0.0,0.0,0.0,0.0
5,hybrid,7,0.2,0.0072992700729927005,0.1736666713479918,0.05333333333333333
5,hybrid,21,0.2,0.0425531914893617,0.20248323207250624,0.06999999999999999
5,hybrid,28,0.1,0.020833333333333332,0.07839826897867533,0.016666666666666666
5,hybrid,31,0.1,0.041666666666666664,0.06943122193677727,0.0125
5,hybrid,33,0.4,0.3333333333333333,0.37183505243062814,0.19
5,hybrid,35,0.2,0.3333333333333333,0.2423936099728648,0.0925925925925926
5,hybrid,50,0.1,0.1,0.06362078819895171,0.01
5,hybrid,53,0.1,0.0625,0.06943122193677727,0.0125
5,hybrid,54,0.2,0.05405405405405406,0.31488013066763093,0.15
5,hybrid,62,0.3,0.02654867256637168,0.41528076708874123,0.22666666666666666
5,hybrid,65,0.4,0.07017543859649122,0.33087444618182743,0.1552777777777778
5,hybrid,67,0.0,0.0,0.0,0.0
5,hybrid,69,0.1,0.029411764705882353,0.22009176629808017,0.1
5,hybrid,71,0.1,0.05,0.09478836436955078,0.025
5,hybrid,72,0.0,0.0,0.0,0.0
5,hybrid,80,0.0,0.0,0.0,0.0
5,hybrid,81,0.1,0.04,0.06362078819895171,0.01
5,hybrid,83,0.3,0.03488372093023256,0.30240383049385083,0.13999999999999999
5,hybrid,97,0.5,0.11627906976744186,0.5455206287241073,0.3238095238095238
5,hybrid,98,0.2,0.16666666666666666,0.20483424751859086,0.08333333333333333
5,hybrid,99,0.0,0.0,0.0,0.0
5,hybrid,107,0.1,0.16666666666666666,0.15130120674940672,0.05555555555555555
5,hybrid,111,0.3,0.3,0.2973694836145356,0.13285714285714284
5,hybrid,114,0.2,0.10526315789473684,0.1635413866202963,0.05333333333333333
5,hybrid,118,0.6,0.09836065573770492,0.6437684113853992,0.4296428571428571
5,hybrid,121,0.3,0.07142857142857142,0.31204907722178066,0.15
5,hybrid,124,0.2,0.16666666666666666,0.1681522864689108,0.05357142857142857
5,hybrid,130,0.6,0.023809523809523808,0.624232247406789,0.4072222222222222
5,hybrid,133,0.3,0.3333333333333333,0.4845713881969346,0.3055555555555556
5,hybrid,140,0.1,0.16666666666666666,0.19092086617893467,0.08333333333333333
5,hybrid,141,0.3,0.05084745762711865,0.26462022272743835,0.11083333333333334
5,hybrid,149,0.2,0.25,0.23573241784227986,0.09027777777777778
5,hybrid,152,0.3,0.03571428571428571,0.2685529228900211,0.1161904761904762
5,hybrid,155,0.1,0.5,0.17723928678404774,0.05
5,hybrid,169,0.1,0.05263157894736842,0.13886244387355454,0.05
5,hybrid,176,0.6,0.16216216216216217,0.6470538417566039,0.4530952380952381
5,hybrid,187,0.2,0.04878048780487805,0.13305201013572898,0.0325
5,hybrid,190,0.4,0.15384615384615385,0.4936790360674166,0.29333333333333333
5,hybrid,201,0.1,0.007407407407407408,0.06943122193677727,0.0125
5,hybrid,209,0.2,0.16666666666666666,0.30523488393970116,0.13999999999999999
5,hybrid,212,0.0,0.0,0.0,0.0
5,hybrid,217,0.1,0.034482758620689655,0.07336392209936005,0.014285714285714285
5,hybrid,223,0.3,0.07317073170731707,0.22793826167775827,0.08607142857142858
5,hybrid,237,0.6,0.15789473684210525,0.6461194268314837,0.45476190476190476
5,hybrid,242,0.2,0.14285714285714285,0.2082936658103318,0.075
5,hybrid,245,0.1,0.1111111111111111,0.23504554941448536,0.1111111111111111
5,hybrid,252,0.4,0.2857142857142857,0.4170606134915054,0.2488095238095238
5,hybrid,260,0.1,0.06666666666666667,0.07839826897867533,0.016666666666666666
5,hybrid,264,0.0,0.0,0.0,0.0
5,hybrid,267,0.5,0.040983606557377046,0.627507133061656,0.4514285714285714
5,hybrid,271,0.2,0.012738853503184714,0.3589542101716347,0.2
5,hybrid,279,0.4,0.019230769230769232,0.5067837010870873,0.3
5,hybrid,282,0.1,0.14285714285714285,0.07945707943276742,0.014285714285714287
5,hybrid,284,0.6,0.3157894736842105,0.5056427642465515,0.3126984126984127
5,hybrid,290,0.5,0.078125,0.42367664508731884,0.2261904761904762
5,hybrid,292,0.0,0.0,0.0,0.0
5,hybrid,296,0.4,0.034482758620689655,0.5100691314582919,0.32166666666666666
5,hybrid,301,0.8,0.05,0.8200685179888283,0.6708730158730158
5,hybrid,305,0.3,0.0297029702970297,0.31516255047698366,0.14999999999999997
5,hybrid,307,0.8,0.125,0.8572048559638628,0.7577777777777778
5,hybrid,310,0.1,0.09090909090909091,0.13886244387355454,0.05
5,hybrid,319,0.3,0.42857142857142855,0.4950605206767563,0.2857142857142857
5,hybrid,322,0.2,0.05128205128205128,0.1736666713479918,0.05333333333333333
5,hybrid,324,0.3,0.05660377358490566,0.31204907722178066,0.15
5,hybrid,328,0.3,0.024390243902439025,0.2583297509898471,0.11499999999999999
5,hybrid,332,0.8,0.058823529411764705,0.8603818544462509,0.7675
5,hybrid,339,0.9,0.04918032786885246,0.914856882358379,0.8354365079365079
5,hybrid,343,0.1,0.005847953216374269,0.13886244387355454,0.05
5,hybrid,344,0.4,0.03636363636363636,0.501749354207772,0.2928571428571428
5,hybrid,349,0.3,0.21428571428571427,0.23297260855707355,0.09083333333333334
5,hybrid,352,0.6,0.2727272727272727,0.7222954974312066,0.5857142857142856
5,hybrid,355,0.1,0.05263157894736842,0.07839826897867533,0.016666666666666666
5,hybrid,361,0.6,0.0759493670886076,0.4892835987503298,0.3088888888888889
5,hybrid,362,0.4,0.5,0.3350772058974042,0.1575892857142857
5,hybrid,363,0.2,0.016129032258064516,0.15176219107803537,0.04523809523809523
5,hybrid,369,0.2,0.16666666666666666,0.13305201013572898,0.0325
5,hybrid,371,0.6,0.16216216216216217,0.5363559634917963,0.35297619047619044
5,hybrid,372,0.4,0.07407407407407407,0.3219505391887988,0.15499999999999997
5,hybrid,378,0.4,0.022988505747126436,0.36602461869280256,0.18
5,hybrid,380,0.3,0.047619047619047616,0.37185395737611554,0.17619047619047618
5,hybrid,382,0.0,0.0,0.0,0.0
5,hybrid,386,0.0,0.0,0.0,0.0
5,hybrid,390,0.0,0.0,0.0,0.0
5,hybrid,393,0.7,0.03571428571428571,0.7791714369672127,0.639047619047619
5,hybrid,397,0.0,0.0,0.0,0.0
5,hybrid,402,0.2,0.046511627906976744,0.15850703974098102,0.04857142857142857
5,hybrid,408,0.2,0.16666666666666666,0.1731866333482261,0.05833333333333333
5,hybrid,415,0.1,0.0625,0.11004588314904008,0.03333333333333333
5,hybrid,421,0.0,0.0,0.0,0.0
5,hybrid,425,0.5,0.07692307692307693,0.5415879285615245,0.31666666666666665
5,hybrid,431,0.0,0.0,0.0,0.0
5,hybrid,434,0.4,0.17391304347826086,0.3683756341388872,0.20999999999999996
5,hybrid,437,0.1,0.006711409395973154,0.07336392209936005,0.014285714285714285
5,hybrid,456,0.3,0.027777777777777776,0.43231813227099475,0.24285714285714283
5,hybrid,460,0.2,0.0625,0.17947710508581735,0.05833333333333333
5,hybrid,461,0.0,0.0,0.0,0.0
5,hybrid,462,0.3,0.15789473684210525,0.43231813227099475,0.24285714285714283
5,hybrid,464,0.5,0.13157894736842105,0.627507133061656,0.4514285714285714
5,hybrid,476,0.6,0.15384615384615385,0.6547216238913564,0.4716666666666667
5,hybrid,484,0.5,0.04672897196261682,0.42331179510529354,0.22194444444444442
5,hybrid,488,0.2,0.025,0.1635413866202963,0.05333333333333333
5,hybrid,490,0.1,0.05555555555555555,0.07336392209936005,0.014285714285714285
5,hybrid,491,0.4,0.21052631578947367,0.3757677525932109,0.19714285714285712
5,hybrid,494,0.0,0.0,0.0,0.0
5,hybrid,495,0.7,0.04964539007092199,0.7909506325094737,0.67
5,hybrid,501,0.0,0.0,0.0,0.0
5,hybrid,502,0.4,0.36363636363636365,0.5637884576902256,0.4
5,hybrid,521,0.1,0.021739130434782608,0.22009176629808017,0.1
5,hybrid,524,0.1,0.005952380952380952,0.09478836436955078,0.025
5,hybrid,530,0.4,0.13793103448275862,0.36099027181348725,0.17285714285714288
5,hybrid,536,1.0,0.09259259259259259,1.0,1.0
5,hybrid,537,0.5,0.0390625,0.6172839611614819,0.4383333333333333
5,hybrid,544,0.1,0.2,0.11305340175787204,0.02857142857142857
5,hybrid,548,0.5,0.04950495049504951,0.3764255671009269,0.19563492063492063
5,hybrid,550,0.3,0.15,0.32730659600126993,0.16666666666666666
5,hybrid,551,0.3,0.013157894736842105,0.2578753740644926,0.10416666666666666
5,hybrid,554,0.2,0.03225806451612903,0.14201905717762703,0.03666666666666667
5,hybrid,556,0.2,0.06451612903225806,0.2863459897524692,0.12222222222222223
5,hybrid,561,0.0,0.0,0.0,0.0
5,hybrid,566,0.0,0.0,0.0,0.0
5,hybrid,567,0.5,0.045454545454545456,0.5672274908036508,0.34444444444444444
5,hybrid,568,0.0,0.0,0.0,0.0
5,hybrid,574,0.5,0.21739130434782608,0.5653701424067237,0.34285714285714286
5,hybrid,576,0.1,0.058823529411764705,0.11004588314904008,0.03333333333333333
5,hybrid,578,0.0,0.0,0.0,0.0
5,hybrid,580,0.2,0.1,0.23365080824310533,0.1
5,hybrid,589,0.4,0.18181818181818182,0.5067837010870873,0.3
5,hybrid,595,0.1,0.027777777777777776,0.22009176629808017,0.1
5,hybrid,596,0.2,0.2857142857142857,0.16617090792688713,0.04642857142857143
5,hybrid,599,0.0,0.0,0.0,0.0
5,hybrid,600,0.7,0.1590909090909091,0.7542686714597936,0.5940476190476189
5,hybrid,601,0.2,0.027777777777777776,0.21726071285222986,0.08333333333333333
5,hybrid,603,0.6,0.2,0.6429424283490954,0.44642857142857145
5,hybrid,617,0.0,0.0,0.0,0.0
5,hybrid,634,0.2,0.03278688524590164,0.2863459897524692,0.12222222222222223
5,hybrid,638,0.8,0.25,0.7759944384848244,0.6125396825396825
5,hybrid,639,0.1,0.02040816326530612,0.08514311764162098,0.02
5,hybrid,640,0.8,0.09411764705882353,0.7510916729774053,0.5808730158730159
5,hybrid,643,0.7,0.056,0.611755947233009,0.4425
5,hybrid,645,0.0,0.0,0.0,0.0
5,hybrid,646,0.3,0.6,0.42870185423738655,0.2523809523809524
5,hybrid,647,0.3,0.07692307692307693,0.22979561007468535,0.08666666666666667
5,hybrid,659,0.1,0.008130081300813009,0.11004588314904008,0.03333333333333333
5,hybrid,662,0.4,0.3076923076923077,0.39215784798408637,0.21714285714285717
5,hybrid,663,0.2,0.024691358024691357,0.3589542101716347,0.2
5,hybrid,666,0.0,0.0,0.0,0.0
5,hybrid,667,0.1,0.03571428571428571,0.22009176629808017,0.1
5,hybrid,668,0.4,0.19047619047619047,0.31691619230948354,0.14785714285714285
5,hybrid,669,0.2,0.0425531914893617,0.20483424751859086,0.08333333333333333
5,hybrid,672,0.0,0.0,0.0,0.0
5,hybrid,675,0.5,0.2631578947368421,0.5232512984721256,0.3026984126984127
5,hybrid,681,0.2,0.2857142857142857,0.2558209594125084,0.11904761904761904
5,hybrid,689,0.6,0.3157894736842105,0.6531466953037821,0.4463095238095239
5,hybrid,691,0.0,0.0,0.0,0.0
5,hybrid,694,1.0,0.07692307692307693,1.0,1.0
5,hybrid,699,0.1,0.023255813953488372,0.13886244387355454,0.05
5,hybrid,703,0.0,0.0,0.0,0.0
5,hybrid,704,0.1,0.018867924528301886,0.06362078819895171,0.01
5,hybrid,707,0.6,0.05128205128205128,0.6473362615659566,0.4326984126984127
5,hybrid,709,0.6,0.08571428571428572,0.624232247406789,0.4072222222222222
5,hybrid,711,0.2,0.013245033112582781,0.28371255449703187,0.12
5,hybrid,734,0.0,0.0,0.0,0.0
5,hybrid,737,0.3,0.15,0.31516255047698366,0.14999999999999997
5,hybrid,741,0.6,0.125,0.6745711375739728,0.4841666666666667
5,hybrid,742,0.0,0.0,0.0,0.0
5,hybrid,743,0.3,0.1875,0.424926013816671,0.24166666666666664
5,hybrid,753,0.1,0.03125,0.22009176629808017,0.1
5,hybrid,757,0.1,0.014285714285714285,0.13886244387355454,0.05
5,hybrid,759,0.1,0.05,0.22009176629808017,0.1
5,hybrid,766,0.7,0.109375,0.7695261902392829,0.619047619047619
5,hybrid,775,0.3,0.2,0.31833954895937183,0.15416666666666665
5,hybrid,781,0.0,0.0,0.0,0.0
5,hybrid,798,0.2,0.021052631578947368,0.1736666713479918,0.05333333333333333
5,hybrid,802,0.4,0.10810810810810811,0.48864468918810133,0.2838095238095238
5,hybrid,813,0.1,0.125,0.10893649261775588,0.03125
5,hybrid,815,0.6,0.05504587155963303,0.6867151830982591,0.5133333333333333
5,hybrid,819,0.1,0.05,0.08514311764162098,0.02
5,hybrid,823,0.8,0.05970149253731343,0.8389574121760602,0.716547619047619
5,hybrid,831,0.3,0.08108108108108109,0.28762634971412726,0.12
5,hybrid,837,0.0,0.0,0.0,0.0
5,hybrid,859,0.2,0.08333333333333333,0.30523488393970116,0.13999999999999999
5,hybrid,867,0.0,0.0,0.0,0.0
5,hybrid,869,0.1,0.058823529411764705,0.07336392209936005,0.014285714285714285
5,hybrid,874,0.0,0.0,0.0,0.0
5,hybrid,882,0.2,0.020202020202020204,0.14201905717762703,0.03666666666666667
5,hybrid,892,0.9,0.05421686746987952,0.9363792118010483,0.9
5,hybrid,894,0.8,0.05673758865248227,0.6410457898283652,0.5142063492063491
5,hybrid,897,0.3,0.02564102564102564,0.2435522702101235,0.095
5,hybrid,898,0.3,0.23076923076923078,0.388244052766991,0.19285714285714287
5,hybrid,899,0.6,0.07792207792207792,0.6437684113853992,0.4296428571428571
5,hybrid,901,0.0,0.0,0.0,0.0
5,hybrid,905,0.0,0.0,0.0,0.0
5,hybrid,908,0.3,0.07894736842105263,0.36885567213865283,0.16999999999999998
5,hybrid,911,0.5,0.08196721311475409,0.39842793454336184,0.21063492063492065
5,hybrid,916,0.2,0.014705882352941176,0.2934556883974402,0.12857142857142856
5,hybrid,918,0.0,0.0,0.0,0.0
5,hybrid,930,0.1,0.045454545454545456,0.06362078819895171,0.01
5,hybrid,938,0.2,0.046511627906976744,0.20483424751859086,0.08333333333333333
5,hybrid,939,0.0,0.0,0.0,0.0
5,hybrid,943,1.0,0.10989010989010989,1.0,1.0
10,hybrid,7,0.2,0.007434944237918215,0.1681522864689108,0.05357142857142857
10,hybrid,21,0.0,0.0,0.0,0.0
10,hybrid,28,0.5,0.11363636363636363,0.533376583199821,0.30396825396825394
10,hybrid,31,0.1,0.05,0.09478836436955078,0.025
10,hybrid,33,0.4,0.4,0.4131279133289227,0.24166666666666664
10,hybrid,35,0.3,0.6,0.44179069980128555,0.24166666666666664
10,hybrid,50,0.2,0.3333333333333333,0.25909036127391766,0.1111111111111111
10,hybrid,53,0.0,0.0,0.0,0.0
10,hybrid,54,0.1,0.030303030303030304,0.22009176629808017,0.1
10,hybrid,62,0.5,0.045871559633027525,0.6136525857537393,0.4222222222222222
10,hybrid,65,0.4,0.07547169811320754,0.34445239307233994,0.17063492063492064
10,hybrid,67,0.0,0.0,0.0,0.0
10,hybrid,69,0.1,0.030303030303030304,0.22009176629808017,0.1
10,hybrid,71,0.0,0.0,0.0,0.0
10,hybrid,72,0.2,0.021505376344086023,0.20483424751859086,0.08333333333333333
10,hybrid,80,0.2,0.18181818181818182,0.3589542101716347,0.2
10,hybrid,81,0.3,0.13636363636363635,0.22784037450527975,0.08
10,hybrid,83,0.3,0.036585365853658534,0.30701473034246535,0.14285714285714285
10,hybrid,97,0.4,0.1,0.3542454231505416,0.16619047619047617
10,hybrid,98,0.2,0.2222222222222222,0.16917200913059094,0.05
10,hybrid,99,0.3,0.039473684210526314,0.3222722491219547,0.1595238095238095
10,hybrid,107,0.0,0.0,0.0,0.0
10,hybrid,111,0.3,0.5,0.37708540574924465,0.20138888888888887
10,hybrid,114,0.3,0.17647058823529413,0.2153829792769871,0.07523809523809524
10,hybrid,118,0.6,0.10714285714285714,0.6578986223737446,0.48
10,hybrid,121,0.2,0.05263157894736842,0.17630010660342912,0.05555555555555556
10,hybrid,124,0.3,0.3333333333333333,0.3929190786987533,0.1898148148148148
10,hybrid,130,0.6,0.024291497975708502,0.6281649475693719,0.4143650793650793
10,hybrid,133,0.3,0.42857142857142855,0.5546406709327603,0.37142857142857144
10,hybrid,140,0.2,0.4,0.2765732350040718,0.11666666666666665
10,hybrid,141,0.3,0.05357142857142857,0.4440973278132557,0.26
10,hybrid,149,0.2,0.4,0.22290869782240583,0.07777777777777777
10,hybrid,152,0.5,0.06329113924050633,0.6274092458891772,0.45
10,hybrid,155,0.0,0.0,0.0,0.0
10,hybrid,169,0.0,0.0,0.0,0.0
10,hybrid,176,0.2,0.06060606060606061,0.31488013066763093,0.15
10,hybrid,187,0.3,0.07894736842105263,0.28088150105118154,0.11333333333333333
10,hybrid,190,0.4,0.15384615384615385,0.46664232174566633,0.2571428571428571
10,hybrid,201,0.1,0.007462686567164179,0.07336392209936005,0.014285714285714285
10,hybrid,209,0.0,0.0,0.0,0.0
10,hybrid,212,0.1,0.09090909090909091,0.11004588314904008,0.03333333333333333
10,hybrid,217,0.6,0.24,0.6780494608112012,0.4863095238095238
10,hybrid,223,0.1,0.02631578947368421,0.07839826897867533,0.016666666666666666
10,hybrid,237,0.6,0.17647058823529413,0.5926825204089028,0.3763095238095238
10,hybrid,242,0.3,0.3,0.424926013816671,0.24166666666666664
10,hybrid,245,0.0,0.0,0.0,0.0
10,hybrid,252,0.4,0.4,0.3529461582433962,0.16527777777777777
10,hybrid,260,0.1,0.07692307692307693,0.06943122193677727,0.0125
10,hybrid,264,0.9,0.10112359550561797,0.7799082337019199,0.7071031746031746
10,hybrid,267,0.6,0.05128205128205128,0.6969383549984332,0.5264285714285715
10,hybrid,271,0.2,0.01282051282051282,0.23365080824310533,0.1
10,hybrid,279,0.5,0.024509803921568627,0.6325414799409712,0.46333333333333326
10,hybrid,282,0.1,0.25,0.13012668333070054,0.03571428571428571
10,hybrid,284,0.7,0.4375,0.6311443278613471,0.4825396825396825
10,hybrid,290,0.6,0.09523809523809523,0.4892835987503298,0.3088888888888889
10,hybrid,292,0.8,0.08333333333333333,0.8115558478722846,0.6592063492063491
10,hybrid,296,0.3,0.026785714285714284,0.31204907722178066,0.15
10,hybrid,301,0.7,0.04516129032258064,0.7542686714597936,0.5940476190476189
10,hybrid,305,0.2,0.020202020202020204,0.2489083270225946,0.11666666666666665
10,hybrid,307,0.5,0.0847457627118644,0.5727555047321237,0.3708333333333333
10,hybrid,310,0.2,0.25,0.2393836156873445,0.09375
10,hybrid,319,0.0,0.0,0.0,0.0
10,hybrid,322,0.3,0.08571428571428572,0.2735872697693364,0.12333333333333334
10,hybrid,324,0.2,0.04081632653061224,0.14279514403613733,0.039285714285714285
10,hybrid,328,0.7,0.058333333333333334,0.7133080652109929,0.5297619047619049
10,hybrid,332,0.9,0.06870229007633588,0.9363792118010483,0.9
10,hybrid,339,0.9,0.05027932960893855,0.8899541168509599,0.7904365079365079
10,hybrid,343,0.1,0.005917159763313609,0.06943122193677727,0.0125
10,hybrid,344,0.4,0.037383177570093455,0.40741536676357565,0.23380952380952377
10,hybrid,349,0.1,0.08333333333333333,0.07336392209936005,0.014285714285714285
10,hybrid,352,0.4,0.21052631578947367,0.5352543167750639,0.34444444444444444
10,hybrid,355,0.3,0.21428571428571427,0.23992089480238082,0.08555555555555557
10,hybrid,361,0.4,0.05333333333333334,0.38504814933911535,0.20444444444444443
10,hybrid,362,0.3,0.6,0.3786706301269835,0.1833333333333333
10,hybrid,363,0.2,0.016260162601626018,0.21222636597291458,0.07857142857142857
10,hybrid,369,0.1,0.09090909090909091,0.07839826897867533,0.016666666666666666
10,hybrid,371,0.6,0.18181818181818182,0.4800032020044255,0.30297619047619045
10,hybrid,372,0.3,0.061224489795918366,0.3785988060390612,0.18285714285714286
10,hybrid,378,0.6,0.03550295857988166,0.7065836017263629,0.5464285714285715
10,hybrid,380,0.0,0.0,0.0,0.0
10,hybrid,382,0.1,0.043478260869565216,0.22009176629808017,0.1
10,hybrid,386,0.1,0.2,0.21398626473452756,0.1
10,hybrid,390,0.0,0.0,0.0,0.0
10,hybrid,393,0.2,0.010471204188481676,0.31488013066763093,0.15
10,hybrid,397,0.0,0.0,0.0,0.0
10,hybrid,402,0.4,0.10526315789473684,0.33480714634441017,0.16063492063492063
10,hybrid,408,0.1,0.1111111111111111,0.07834851647149511,0.015873015873015872
10,hybrid,415,0.0,0.0,0.0,0.0
10,hybrid,421,0.6,0.16216216216216217,0.5684579545875155,0.4097619047619048
10,hybrid,425,0.3,0.046153846153846156,0.40853591842579556,0.21666666666666665
10,hybrid,431,0.2,0.6666666666666666,0.7653606369886217,0.6666666666666666
10,hybrid,434,0.5,0.22727272727272727,0.4883491838252097,0.31388888888888883
10,hybrid,437,0.6,0.0410958904109589,0.7183627972686238,0.575
10,hybrid,456,0.3,0.02857142857142857,0.42838543210841196,0.2375
10,hybrid,460,0.2,0.06666666666666667,0.13961814555374907,0.0365079365079365
10,hybrid,461,0.0,0.0,0.0,0.0
10,hybrid,462,0.3,0.2,0.3932783996463063,0.2
10,hybrid,464,0.5,0.14285714285714285,0.6203974344166848,0.43555555555555553
10,hybrid,476,0.6,0.16666666666666666,0.6141069626790936,0.4058333333333334
10,hybrid,484,0.8,0.07766990291262135,0.8643145546088337,0.78
10,hybrid,488,0.3,0.0375,0.2532954041105318,0.10785714285714285
10,hybrid,490,0.2,0.1111111111111111,0.1478294909154526,0.041666666666666664
10,hybrid,491,0.2,0.13333333333333333,0.21726071285222986,0.08333333333333333
10,hybrid,494,0.0,0.0,0.0,0.0
10,hybrid,495,0.8,0.058823529411764705,0.866947989864271,0.788888888888889
10,hybrid,501,0.2,0.045454545454545456,0.20483424751859086,0.08333333333333333
10,hybrid,502,0.2,0.2222222222222222,0.35256832412172806,0.18518518518518517
10,hybrid,521,0.4,0.09090909090909091,0.4920062203073637,0.27749999999999997
10,hybrid,524,0.1,0.006097560975609756,0.06943122193677727,0.0125
10,hybrid,530,0.4,0.16666666666666666,0.49828993591603105,0.2988095238095238
10,hybrid,536,0.7,0.0673076923076923,0.7720617383222417,0.62
10,hybrid,537,0.5,0.03968253968253968,0.5743371894486219,0.3571428571428571
10,hybrid,544,0.0,0.0,0.0,0.0
10,hybrid,548,0.6,0.061224489795918366,0.4673791184803734,0.3013095238095238
10,hybrid,550,0.3,0.1875,0.31833954895937183,0.15416666666666665
10,hybrid,551,0.3,0.013392857142857142,0.23297260855707355,0.09083333333333334
10,hybrid,554,0.2,0.03389830508474576,0.21222636597291458,0.07857142857142857
10,hybrid,556,0.0,0.0,0.0,0.0
10,hybrid,561,0.0,0.0,0.0,0.0
10,hybrid,566,0.5,0.0641025641025641,0.568003577662161,0.3484126984126984
10,hybrid,567,0.8,0.07547169811320754,0.8263333286520083,0.7004365079365078
10,hybrid,568,0.0,0.0,0.0,0.0
10,hybrid,574,0.4,0.19047619047619047,0.5100691314582919,0.32166666666666666
10,hybrid,576,0.2,0.16666666666666666,0.2863459897524692,0.12222222222222223
10,hybrid,578,0.0,0.0,0.0,0.0
10,hybrid,580,0.1,0.058823529411764705,0.07839826897867533,0.016666666666666666
10,hybrid,589,0.6,0.3,0.6901935063354876,0.513095238095238
10,hybrid,595,0.1,0.027777777777777776,0.22009176629808017,0.1
10,hybrid,596,0.1,0.2,0.3391602052736161,0.2
10,hybrid,599,0.0,0.0,0.0,0.0
10,hybrid,600,0.9,0.23076923076923078,0.933745776545611,0.89
10,hybrid,601,0.4,0.058823529411764705,0.5033242827953464,0.3083333333333333
10,hybrid,603,0.4,0.14814814814814814,0.5067837010870873,0.3
10,hybrid,617,0.1,0.029411764705882353,0.07839826897867533,0.016666666666666666
10,hybrid,634,0.7,0.11666666666666667,0.681660451040628,0.48476190476190484
10,hybrid,638,0.6,0.21428571428571427,0.6306637463657283,0.4247619047619048
10,hybrid,639,0.1,0.020833333333333332,0.06943122193677727,0.0125
10,hybrid,640,0.5,0.0625,0.5797827732044221,0.3655555555555556
10,hybrid,643,0.3,0.024793388429752067,0.3714891073940902,0.1733333333333333
10,hybrid,645,0.0,0.0,0.0,0.0
10,hybrid,646,0.0,0.0,0.0,0.0
10,hybrid,647,0.3,0.08571428571428572,0.37185395737611554,0.17619047619047618
10,hybrid,659,0.1,0.008264462809917356,0.22009176629808017,0.1
10,hybrid,662,0.5,0.5,0.45841207143847534,0.2726984126984127
10,hybrid,663,0.4,0.05194805194805195,0.5271064966405455,0.33214285714285713
10,hybrid,666,0.1,0.007194244604316547,0.22009176629808017,0.1
10,hybrid,667,0.0,0.0,0.0,0.0
10,hybrid,668,0.2,0.11764705882352941,0.1610425878239398,0.04722222222222222
10,hybrid,669,0.3,0.06382978723404255,0.24309789328476902,0.08833333333333333
10,hybrid,672,0.0,0.0,0.0,0.0
10,hybrid,675,0.2,0.14285714285714285,0.3589542101716347,0.2
10,hybrid,681,0.2,0.3333333333333333,0.4329261794091841,0.25
10,hybrid,689,0.9,0.6,0.9216017310213247,0.8521031746031745
10,hybrid,691,0.1,0.05263157894736842,0.11004588314904008,0.03333333333333333
10,hybrid,694,0.9,0.07142857142857142,0.9305687780632227,0.8788888888888889
10,hybrid,699,0.3,0.06976744186046512,0.20827328063201608,0.06888888888888889
10,hybrid,703,0.0,0.0,0.0,0.0
10,hybrid,704,0.4,0.08,0.5224955967919311,0.32666666666666666
10,hybrid,707,0.6,0.05309734513274336,0.6835381846158709,0.505
10,hybrid,709,0.5,0.07352941176470588,0.6172839611614819,0.4383333333333333
10,hybrid,711,0.4,0.026845637583892617,0.30306164500156685,0.13166666666666665
10,hybrid,734,0.4,0.11428571428571428,0.34445239307233994,0.17063492063492064
10,hybrid,737,0.4,0.25,0.46270962158308354,0.25
10,hybrid,741,0.5,0.11363636363636363,0.5727555047321237,0.3708333333333333
10,hybrid,742,0.3,0.375,0.41037377546745274,0.1982142857142857
10,hybrid,743,0.2,0.15384615384615385,0.28371255449703187,0.12
10,hybrid,753,0.0,0.0,0.0,0.0
10,hybrid,757,0.0,0.0,0.0,0.0
10,hybrid,759,0.6,0.35294117647058826,0.5587148206871071,0.38722222222222225
10,hybrid,766,0.6,0.1,0.5455017237786198,0.36583333333333334
10,hybrid,775,0.1,0.09090909090909091,0.06625422345438903,0.01111111111111111
10,hybrid,781,0.0,0.0,0.0,0.0
10,hybrid,798,0.1,0.011111111111111112,0.06943122193677727,0.0125
10,hybrid,802,0.6,0.17142857142857143,0.6835381846158709,0.505
10,hybrid,813,0.0,0.0,0.0,0.0
10,hybrid,815,0.7,0.0660377358490566,0.7600791051976192,0.611547619047619
10,hybrid,819,0.2,0.125,0.28371255449703187,0.12
10,hybrid,823,0.9,0.06976744186046512,0.9216017310213247,0.8521031746031745
10,hybrid,831,0.2,0.06060606060606061,0.2051166673279436,0.07222222222222222
10,hybrid,837,0.3,0.25,0.424926013816671,0.24166666666666664
10,hybrid,859,0.2,0.09090909090909091,0.28952298823485745,0.125
10,hybrid,867,0.0,0.0,0.0,0.0
10,hybrid,869,0.1,0.07692307692307693,0.08514311764162098,0.02
10,hybrid,874,0.0,0.0,0.0,0.0
10,hybrid,882,0.5,0.05319148936170213,0.5072380780124418,0.35500000000000004
10,hybrid,892,1.0,0.062111801242236024,1.0,1.0
10,hybrid,894,0.8,0.05755395683453238,0.7136540102475308,0.6082142857142857
10,hybrid,897,0.8,0.07079646017699115,0.8521705090845474,0.7434920634920634
10,hybrid,898,0.2,0.2,0.30523488393970116,0.13999999999999999
10,hybrid,899,0.4,0.05405405405405406,0.4412851793128928,0.2261904761904762
10,hybrid,901,0.6,0.07792207792207792,0.6816808362189438,0.5014285714285714
10,hybrid,905,0.0,0.0,0.0,0.0
10,hybrid,908,0.6,0.17142857142857143,0.5527460588826717,0.37797619047619047
10,hybrid,911,0.5,0.08620689655172414,0.4198523768135526,0.23777777777777773
10,hybrid,916,0.4,0.030303030303030304,0.31561692740233804,0.14694444444444443
10,hybrid,918,0.3,0.06382978723404255,0.3340514446642156,0.17666666666666667
10,hybrid,930,0.2,0.09523809523809523,0.3589542101716347,0.2
10,hybrid,938,0.0,0.0,0.0,0.0
10,hybrid,939,0.4,0.125,0.42836504693009625,0.20666666666666664
10,hybrid,943,1.0,0.11494252873563218,1.0,1.0
15,hybrid,7,0.0,0.0,0.0,0.0
15,hybrid,21,0.1,0.023255813953488372,0.06362078819895171,0.01
15,hybrid,28,0.4,0.0975609756097561,0.4131279133289227,0.24166666666666664
15,hybrid,31,0.0,0.0,0.0,0.0
15,hybrid,33,0.3,0.375,0.32280592422117393,0.14166666666666666
15,hybrid,35,0.2,0.5,0.44149241373678083,0.29166666666666663
15,hybrid,50,0.2,0.3333333333333333,0.22485174766247445,0.08888888888888889
15,hybrid,53,0.0,0.0,0.0,0.0
15,hybrid,54,0.5,0.1724137931034483,0.5834330535576521,0.3930952380952381
15,hybrid,62,0.6,0.057692307692307696,0.6569815082938864,0.4476984126984126
15,hybrid,65,0.5,0.1,0.47870393709728,0.29888888888888887
15,hybrid,67,0.2,0.18181818181818182,0.13305201013572898,0.0325
15,hybrid,69,0.1,0.03125,0.22009176629808017,0.1
15,hybrid,71,0.0,0.0,0.0,0.0
15,hybrid,72,0.0,0.0,0.0,0.0
15,hybrid,80,0.1,0.14285714285714285,0.27487633291429087,0.14285714285714285
15,hybrid,81,0.2,0.10526315789473684,0.2934556883974402,0.12857142857142856
15,hybrid,83,0.3,0.0379746835443038,0.2999050316974944,0.13333333333333333
15,hybrid,97,0.4,0.10810810810810811,0.5103515512676448,0.3044444444444444
15,hybrid,98,0.2,0.2857142857142857,0.2162957183053307,0.08333333333333333
15,hybrid,99,0.2,0.027777777777777776,0.3589542101716347,0.2
15,hybrid,107,0.0,0.0,0.0,0.0
15,hybrid,111,0.2,0.6666666666666666,0.3379680345449381,0.1619047619047619
15,hybrid,114,0.4,0.26666666666666666,0.3038377318600772,0.13551587301587303
15,hybrid,118,0.4,0.0784313725490196,0.43810818083050457,0.22063492063492066
15,hybrid,121,0.2,0.06060606060606061,0.2082936658103318,0.075
15,hybrid,124,0.2,0.4,0.4412576003965278,0.24444444444444446
15,hybrid,130,0.6,0.02459016393442623,0.6405914129030109,0.42269841269841263
15,hybrid,133,0.2,0.5,0.6366824387328317,0.5
15,hybrid,140,0.0,0.0,0.0,0.0
15,hybrid,141,0.8,0.1509433962264151,0.8115558478722846,0.6592063492063491
15,hybrid,149,0.2,0.6666666666666666,0.3084274278260313,0.12962962962962962
15,hybrid,152,0.4,0.05194805194805195,0.5067837010870873,0.3
15,hybrid,169,0.0,0.0,0.0,0.0
15,hybrid,176,0.2,0.06666666666666667,0.2863459897524692,0.12222222222222223
15,hybrid,187,0.4,0.11764705882352941,0.34445239307233994,0.17063492063492064
15,hybrid,190,0.4,0.17391304347826086,0.513528549750033,0.31
15,hybrid,201,0.2,0.015267175572519083,0.20248323207250624,0.06999999999999999
15,hybrid,209,0.0,0.0,0.0,0.0
15,hybrid,212,0.3,0.375,0.275731530545122,0.10694444444444445
15,hybrid,217,0.4,0.19047619047619047,0.5541432109622958,0.38
15,hybrid,223,0.0,0.0,0.0,0.0
15,hybrid,237,0.6,0.20689655172413793,0.6267310462031457,0.41583333333333333
15,hybrid,242,0.0,0.0,0.0,0.0
15,hybrid,245,0.0,0.0,0.0,0.0
15,hybrid,252,0.3,0.6,0.6548086577531307,0.4833333333333333
15,hybrid,260,0.1,0.1111111111111111,0.07075576072108061,0.012345679012345678
15,hybrid,264,0.9,0.10588235294117647,0.8899541168509599,0.7904365079365079
15,hybrid,267,0.6,0.05128205128205128,0.6969383549984332,0.5264285714285715
15,hybrid,271,0.2,0.013071895424836602,0.3589542101716347,0.2
15,hybrid,279,0.6,0.029850746268656716,0.6399441431116327,0.4372222222222222
15,hybrid,282,0.0,0.0,0.0,0.0
15,hybrid,284,0.5,0.38461538461538464,0.5022037311331264,0.3430952380952381
15,hybrid,290,0.9,0.15254237288135594,0.9363792118010483,0.9
15,hybrid,292,0.5,0.05434782608695652,0.5736899196572436,0.3716666666666667
15,hybrid,296,0.1,0.009259259259259259,0.22009176629808017,0.1
15,hybrid,301,0.7,0.046052631578947366,0.7471589728148227,0.575
15,hybrid,305,0.1,0.010416666666666666,0.09478836436955078,0.025
15,hybrid,307,0.7,0.125,0.5747915663739762,0.42642857142857143
15,hybrid,310,0.0,0.0,0.0,0.0
15,hybrid,319,0.0,0.0,0.0,0.0
15,hybrid,322,0.4,0.12903225806451613,0.4658230948382866,0.24861111111111106
15,hybrid,324,0.4,0.08888888888888889,0.3063365306564336,0.14619047619047618
15,hybrid,328,0.6,0.05128205128205128,0.6457545768494583,0.45083333333333336
15,hybrid,332,0.6,0.047244094488188976,0.7151857987862356,0.5666666666666667
15,hybrid,339,0.9,0.05172413793103448,0.9052116356304493,0.8154365079365078
15,hybrid,343,0.2,0.012121212121212121,0.2082936658103318,0.075
15,hybrid,344,0.3,0.028846153846153848,0.40350157154648025,0.2095238095238095
15,hybrid,349,0.1,0.1,0.07336392209936005,0.014285714285714285
15,hybrid,352,0.4,0.23529411764705882,0.4959389204699464,0.2828571428571428
15,hybrid,355,0.4,0.4,0.3686580539482399,0.18444444444444444
15,hybrid,361,0.4,0.05714285714285714,0.3882251478215036,0.21000000000000002
15,hybrid,362,0.1,0.3333333333333333,0.18154179253735267,0.06666666666666667
15,hybrid,363,0.0,0.0,0.0,0.0
15,hybrid,369,0.2,0.2857142857142857,0.4483039899025303,0.2857142857142857
15,hybrid,371,0.6,0.20689655172413793,0.5152880109744815,0.32269841269841265
15,hybrid,372,0.1,0.022222222222222223,0.07336392209936005,0.014285714285714285
15,hybrid,378,0.4,0.024390243902439025,0.5384313152574521,0.35
15,hybrid,380,0.0,0.0,0.0,0.0
15,hybrid,382,0.2,0.08695652173913043,0.21222636597291458,0.07857142857142857
15,hybrid,386,0.1,0.3333333333333333,0.46927872602275644,0.3333333333333333
15,hybrid,390,0.0,0.0,0.0,0.0
15,hybrid,393,0.2,0.010638297872340425,0.31488013066763093,0.15
15,hybrid,397,0.0,0.0,0.0,0.0
15,hybrid,402,0.2,0.058823529411764705,0.23365080824310533,0.1
15,hybrid,408,0.1,0.14285714285714285,0.09162544430476362,0.02040816326530612
15,hybrid,415,0.1,0.125,0.07311683844390994,0.0125
15,hybrid,421,0.4,0.125,0.4779671403625728,0.26666666666666666
15,hybrid,425,0.6,0.09375,0.5617131059245698,0.3964285714285714
15,hybrid,431,0.0,0.0,0.0,0.0
15,hybrid,434,0.6,0.3157894736842105,0.5337225282363589,0.34630952380952384
15,hybrid,437,0.7,0.04964539007092199,0.762416491594312,0.6
15,hybrid,456,0.3,0.029411764705882353,0.4690000933206748,0.3
15,hybrid,460,0.2,0.07692307692307693,0.1736666713479918,0.05333333333333333
15,hybrid,461,0.0,0.0,0.0,0.0
15,hybrid,462,0.3,0.3,0.4690000933206748,0.3
15,hybrid,464,0.6,0.1875,0.6830838076905166,0.4958333333333333
15,hybrid,476,0.4,0.125,0.4576752747037683,0.24285714285714288
15,hybrid,484,0.7,0.07,0.7721596254947203,0.6268253968253967
15,hybrid,488,0.4,0.05,0.36602461869280256,0.18
15,hybrid,490,0.2,0.13333333333333333,0.2934556883974402,0.12857142857142856
15,hybrid,491,0.1,0.08333333333333333,0.11004588314904008,0.03333333333333333
15,hybrid,494,0.4,0.16666666666666666,0.4569970750177365,0.24714285714285716
15,hybrid,495,0.8,0.06060606060606061,0.8454256604216017,0.7268253968253967
15,hybrid,501,0.9,0.21428571428571427,0.933745776545611,0.89
15,hybrid,502,0.3,0.5,0.4978632821247326,0.2722222222222222
15,hybrid,521,0.2,0.04878048780487805,0.21222636597291458,0.07857142857142857
15,hybrid,524,0.3,0.01875,0.2742654694553681,0.12083333333333332
15,hybrid,530,0.3,0.14285714285714285,0.32730659600126993,0.16666666666666666
15,hybrid,536,0.7,0.06930693069306931,0.7778721720600673,0.6361111111111111
15,hybrid,537,0.4,0.032,0.5174612499126158,0.31714285714285717
15,hybrid,544,0.0,0.0,0.0,0.0
15,hybrid,548,0.7,0.07446808510638298,0.5999767516907479,0.42297619047619045
15,hybrid,550,0.3,0.25,0.2685529228900211,0.1161904761904762
15,hybrid,551,0.4,0.0182648401826484,0.3280622976814645,0.15396825396825395
15,hybrid,554,0.4,0.07017543859649122,0.37566986542073233,0.19
15,hybrid,556,0.0,0.0,0.0,0.0
15,hybrid,561,0.0,0.0,0.0,0.0
15,hybrid,566,0.6,0.0821917808219178,0.6758704024811183,0.4864285714285714
15,hybrid,567,0.7,0.06862745098039216,0.7695261902392829,0.619047619047619
15,hybrid,568,0.5,0.13157894736842105,0.44006674047819433,0.24285714285714288
15,hybrid,574,0.6,0.3333333333333333,0.684383072597662,0.49809523809523804
15,hybrid,576,0.1,0.09090909090909091,0.07336392209936005,0.014285714285714285
15,hybrid,578,0.0,0.0,0.0,0.0
15,hybrid,580,0.2,0.13333333333333333,0.3589542101716347,0.2
15,hybrid,589,0.4,0.23529411764705882,0.3063365306564336,0.14619047619047618
15,hybrid,595,0.1,0.02857142857142857,0.13886244387355454,0.05
15,hybrid,596,0.0,0.0,0.0,0.0
15,hybrid,599,0.5,0.21739130434782608,0.5017289690294563,0.2706349206349207
15,hybrid,600,0.9,0.2571428571428571,0.914856882358379,0.8354365079365079
15,hybrid,601,0.4,0.06349206349206349,0.4818998405251556,0.27380952380952384
15,hybrid,603,0.4,0.17391304347826086,0.5231737964779628,0.325
15,hybrid,617,0.3,0.09375,0.42520843362602373,0.23333333333333334
15,hybrid,634,0.7,0.1206896551724138,0.7819835854675755,0.645
15,hybrid,638,0.5,0.20833333333333334,0.5239294981581574,0.2984126984126984
15,hybrid,639,0.2,0.0425531914893617,0.21726071285222986,0.08333333333333333
15,hybrid,640,0.5,0.06666666666666667,0.5483327772244702,0.32666666666666666
15,hybrid,643,0.2,0.017094017094017096,0.19518900079066107,0.07333333333333333
15,hybrid,645,0.6,0.07407407407407407,0.4800032020044255,0.30297619047619045
15,hybrid,646,0.0,0.0,0.0,0.0
15,hybrid,647,0.3,0.09375,0.36288691033421744,0.16607142857142856
15,hybrid,659,0.7,0.0603448275862069,0.6311443278613471,0.4825396825396825
15,hybrid,662,0.4,0.5,0.5456574035212368,0.32638888888888884
15,hybrid,663,0.6,0.08108108108108109,0.6620158551732016,0.4572222222222222
15,hybrid,666,0.1,0.007352941176470588,0.13886244387355454,0.05
15,hybrid,667,0.2,0.09523809523809523,0.16421958630632802,0.05
15,hybrid,668,0.2,0.125,0.18340980524840012,0.06190476190476191
15,hybrid,669,0.1,0.022727272727272728,0.06943122193677727,0.0125
15,hybrid,672,0.1,0.16666666666666666,0.15130120674940672,0.05555555555555555
15,hybrid,675,0.1,0.08333333333333333,0.22009176629808017,0.1
15,hybrid,681,0.1,0.25,0.3903800499921017,0.25
15,hybrid,689,0.7,0.5384615384615384,0.800693766409882,0.7
15,hybrid,691,0.1,0.0625,0.09478836436955078,0.025
15,hybrid,694,1.0,0.08264462809917356,1.0,1.0
15,hybrid,699,0.3,0.06976744186046512,0.27848058942730364,0.11190476190476191
15,hybrid,703,0.5,0.2631578947368421,0.5861163849908828,0.37666666666666665
15,hybrid,704,0.1,0.022222222222222223,0.22009176629808017,0.1
15,hybrid,707,0.7,0.06481481481481481,0.762416491594312,0.6
15,hybrid,709,0.7,0.1076923076923077,0.7534494445524138,0.5791666666666667
15,hybrid,711,0.4,0.027586206896551724,0.35687885840597894,0.17063492063492064
15,hybrid,734,0.4,0.12121212121212122,0.3538805731685163,0.16333333333333333
15,hybrid,737,0.3,0.23076923076923078,0.3187939258847263,0.16
15,hybrid,741,0.5,0.11627906976744186,0.448668937538067,0.2544444444444444
15,hybrid,742,0.3,0.75,0.787702056960637,0.65
15,hybrid,743,0.1,0.1,0.22009176629808017,0.1
15,hybrid,753,0.0,0.0,0.0,0.0
15,hybrid,757,0.0,0.0,0.0,0.0
15,hybrid,759,0.5,0.38461538461538464,0.47674870152787435,0.29166666666666663
15,hybrid,766,0.7,0.1206896551724138,0.7529694065526482,0.591111111111111
15,hybrid,775,0.1,0.1111111111111111,0.10122860821230018,0.027777777777777776
15,hybrid,781,0.1,0.043478260869565216,0.08514311764162098,0.02
15,hybrid,798,0.3,0.034482758620689655,0.40350157154648025,0.2095238095238095
15,hybrid,802,0.5,0.15625,0.47684658870035296,0.2963095238095238
15,hybrid,813,0.0,0.0,0.0,0.0
15,hybrid,815,0.7,0.06862745098039216,0.6442227883107535,0.5107142857142858
15,hybrid,819,0.1,0.09090909090909091,0.22009176629808017,0.1
15,hybrid,823,0.8,0.064,0.826813366651774,0.6842063492063492
15,hybrid,831,0.2,0.06451612903225806,0.17947710508581735,0.05833333333333333
15,hybrid,837,0.3,0.2727272727272727,0.31516255047698366,0.14999999999999997
15,hybrid,859,0.4,0.21052631578947367,0.39356081945565896,0.21111111111111108
15,hybrid,867,0.1,0.015873015873015872,0.22009176629808017,0.1
15,hybrid,869,0.1,0.09090909090909091,0.22009176629808017,0.1
15,hybrid,874,0.1,0.07142857142857142,0.11004588314904008,0.03333333333333333
15,hybrid,882,0.4,0.044444444444444446,0.49118023727106,0.2861111111111111
15,hybrid,892,1.0,0.0641025641025641,1.0,1.0
15,hybrid,894,0.7,0.051094890510948905,0.6874708847784536,0.5008730158730159
15,hybrid,897,0.9,0.08256880733944955,0.9305687780632227,0.8788888888888889
15,hybrid,898,0.1,0.14285714285714285,0.27487633291429087,0.14285714285714285
15,hybrid,899,0.1,0.014285714285714285,0.22009176629808017,0.1
15,hybrid,901,0.7,0.09333333333333334,0.6429235234036081,0.5077777777777779
15,hybrid,905,0.1,0.09090909090909091,0.07336392209936005,0.014285714285714285
15,hybrid,908,0.3,0.1,0.3222722491219547,0.1595238095238095
15,hybrid,911,0.5,0.09259259259259259,0.5116508161747901,0.2828571428571428
15,hybrid,916,0.3,0.0234375,0.3557772116892465,0.15833333333333333
15,hybrid,918,0.4,0.09090909090909091,0.49435723575344825,0.29166666666666663
15,hybrid,930,0.1,0.05,0.22009176629808017,0.1
15,hybrid,938,0.0,0.0,0.0,0.0
15,hybrid,939,0.8,0.2962962962962963,0.8205228949141826,0.6818253968253967
15,hybrid,943,0.8,0.09411764705882353,0.857980942822373,0.7621031746031746
